username,review,rating,date
mpangazehe julius iverson,can't open the app- keeps telling me to first switch off the wifi on my phone and use data instead yet my wifi is off,1,2026-05-10 23:13:10
ran gatluak,so nice,5,2026-05-10 21:45:16
Nambassa Babie,doesn't make transactions,1,2026-05-10 12:29:24
Sulaiman 256,bad,5,2026-05-10 10:44:59
Kazibwe Ashraf,good,5,2026-05-10 07:21:59
Douccette Occupy,App nolonger works. Am having problems connecting onlin with an invalid network mark.,1,2026-05-10 04:06:59
Torkyo Ungle,"à she eba , joucko",3,2026-05-09 23:59:29
Toolit Charles,All in one👊💪💪,5,2026-05-09 06:41:34
John Henry,good service,5,2026-05-08 23:48:47
Robert Byekwaso,excellent speed and very reliable,4,2026-05-08 18:42:14
Lukas den Admirant,"I'm using MTN Internet but still it keeps showing ""use MTN data to access"".",1,2026-05-08 12:11:08
Uche Ojadi,"Not really functional, can only show balances and nothing more. Even data balance is incorrect",2,2026-05-07 13:32:22
Kalayi Brian,completely can't reconnect my number online since they require me to use MTN number yet it's disconnected and WiFi or other line failed due to that restriction,1,2026-05-07 10:18:44
Jeth Tendo,"Why should the app only open if I have data connection on mtn line? It's very inconveniencing. on WiFi, it can't open. With airtel data, it can't open. It only operates on mtn data connection! Please find a way around this.",1,2026-05-07 10:10:12
Nanfuka Safina,it is not showing connection and the momo app is not working also.,1,2026-05-06 15:09:56
Brainano Brain,the best so far I can say,5,2026-05-05 15:35:50
Pirate King,its fast,5,2026-05-05 14:52:59
Josh,yes cool,5,2026-05-05 14:51:48
Odongo Sebastiano,Good,5,2026-05-05 10:56:03
Mukumbya Henry,good feelings with you,5,2026-05-05 01:23:01
Elvis Gatsby,the app keeps saying unable to connect,1,2026-05-04 12:32:03
Jack Wattson,fantastic app,5,2026-05-04 00:07:07
Mugenyi Kevin David,very bad experience. uninstalling it!,1,2026-05-02 16:55:23
Shilah zziwa,it refused to open,1,2026-05-02 12:33:04
KULE PAUL,Good performance,5,2026-05-02 08:35:07
Douglas Okello,"it never open, says switch off WiFi even if I'm on data😩😩",2,2026-05-02 06:14:48
Jabulon Alyao,keeps saying please turn your WiFi and use mobile data even if I'm using my MTN data,1,2026-04-30 19:36:11
Kasule Yahaya,At first it was working very well but after some time it stopped responding most especially when ur buying cheap bundles.... it pushes you to the expensive bundles,1,2026-04-29 17:02:46
Nuwagaba Ibrahim,it fails to work with the new mtn number of 079,3,2026-04-29 12:08:38
Godfrey Okoth,Asking me to turn off WiFi in order to access account when WiFi is off,1,2026-04-29 10:48:09
Mr Grandson Smoke,Lend me some big racks,5,2026-04-28 18:23:14
المَلاّح Navigator,تطبيق فاشل ، ما يفتح وحتى لو اشتغل معاك مافيهو اي شي تقدر تدير بيهو خدمتك وخطك ، قلدو الشركات الناجحة التقليد ما عيب وزي ما قال القائل إن التشبه بالرجال فلاح,1,2026-04-28 18:06:08
Ssenyungule Herbert,"hi, it would be helpful to make the app available for use on wifi or any other Internet connection rather than mtn mobile internet alone. look forward to your feedback.",2,2026-04-28 07:40:25
nabatanzi Iryn,thy have told me to download it so that I can pay wifi,1,2026-04-27 22:14:39
Muwonge Dalausi Bause,Mtn is good,5,2026-04-27 20:18:54
Ocaya Steven,Great,5,2026-04-27 12:33:52
Mugabi J.c.hisexellency,But this ki app! very very useless coz It can't connect always says connect to the WiFi,1,2026-04-26 20:59:47
Sheilah Shamim,it's not working,1,2026-04-26 16:00:04
Cyber Mars,"""Invalid Mobile network. Yello. please turn off your WiFi connection and use MTN mobile internet to access your account."" What could this mean because I am not using WiFi?",1,2026-04-25 14:56:18
Belinda Busingye,I can't see my mobile money account and yet that's the main reason I downloaded it.,1,2026-04-25 09:29:11
Aineamatsiko Brian,mtn improve your app,1,2026-04-23 19:12:16
Nazziwa Alaisa,not work when u open,5,2026-04-23 10:20:40
Leticia Costance,it's not opening,1,2026-04-22 10:31:08
Bogere Mike,mine has failed it keeps requesting I discount wifi despite me doing so,2,2026-04-22 09:08:41
Peter okurut,"Every time I try to login I'm told disconnect wifi and use cellular data, and when I try that it again tells me there's no network, I've tried several times and given up.",1,2026-04-22 08:31:57
Winnie Busima (Winnie Busima),"Tell me why I can't use WIFI but instead data, I am using your very WIFI wakanet and today I wanted to check for the data quota and its bringing wrong USSD. When did you change the USSD? and didn't tell us. 1 months in and I have started to shout??",2,2026-04-21 17:07:05
Nartz Jonah,Cool😎😎😎,5,2026-04-21 14:50:56
Francis Musango,can't log in even with mtn internet,1,2026-04-20 21:53:46
Counsel zaharah,"The app has failed like how many times , this is too much",1,2026-04-20 13:42:40
fredda Onekz,this app looks like a scam in your data. I can't even open it because it keeps rejecting that I use mtn data yet I use no line apart from mtn for cellular data,1,2026-04-19 23:24:00
Emmanuel Songa,"this app now failed to perform the work, is now worse, it keep telling survival errors",1,2026-04-19 18:45:49
Ashabahebwa Bob,great,5,2026-04-19 17:21:10
Abel Waistie,not bad,1,2026-04-19 16:58:32
Tsawodzi Atsu,I want to use this bundle,5,2026-04-19 06:39:55
KISAKYE LYNDA,not working,1,2026-04-19 01:05:59
Rolenzo Dj,amazing to use,4,2026-04-18 20:22:46
Anam Raymond,The best network ever,5,2026-04-18 06:58:17
Tumuhairwe Scovia,not working for me,1,2026-04-17 18:53:29
Patricia Abaho,MyMTNUganda is terrible! MTN Uganda Internet will let you down..,1,2026-04-17 18:21:24
Kizito Vicent,the up is acting weared it show invalid mobile network even if your are connected to moblie network,1,2026-04-17 15:24:01
Lucky Chilling,real mtn app,5,2026-04-16 18:33:13
Murket Elijah Chemoiko,why it say turn off WiFi but wifi off. I can't access the app,3,2026-04-16 11:08:12
Fathi Karim,Not working for MTN Sudan anymore. Why?,1,2026-04-15 12:26:34
ATUKUNDA SUZAN,the app doesn't even work after downloading it 👐,1,2026-04-15 11:52:15
Ssembule Jos,app doesn't open. keeps bringing invalid mobile network.,1,2026-04-15 08:53:19
Muyingo Isma,Best app ever,4,2026-04-12 13:25:26
FEB 11 OFFICIAL,it is very good,4,2026-04-11 17:24:35
Bashk International,I like mtn network more than other networks,5,2026-04-11 10:02:01
Ssemwogerere Phillip,"hello mtn ,why is my mtn limiting me on afree data to use this app, what can i do because i thought its free so long as am using mtn internet",1,2026-04-10 19:20:48
Ggalabuzi Joseph,nice,5,2026-04-09 20:11:03
Sauda Zaria,"It's very annoying. Even when you have data, it doesn't work as expected.",2,2026-04-09 17:35:33
Solomon Onena,"Smooth, reliable, and user-friendly - one of the best telecom apps. Highly impressed with the performance!",5,2026-04-08 22:55:10
Deryck,Too slow to open up its really annoying sometimes it totally refuses to open up even when there is internet connection. I for one don't recommend it for other staff apart from data discounts.,1,2026-04-08 22:39:47
kayongo patrick,unrivaled app,5,2026-04-08 07:07:24
mccolvin okiria,"It just doesn't open,it keeps bringing Invalid mobile network and that's where it stops",1,2026-04-06 14:10:22
John Chol Akeen Akeen,more interested,5,2026-04-05 16:03:20
Alex Kajura,fantastic,5,2026-04-04 21:42:44
Nabbanja Babra,MTN is very good and easy,5,2026-04-02 12:57:32
giraneza jimmy,not working well,1,2026-04-01 13:41:12
Musa Lazim,easy,5,2026-03-31 18:57:43
Ntanzi Edrine,Fast and affordable,5,2026-03-31 08:29:04
Muhindo Wilphine,not sure,5,2026-03-29 08:10:31
Kimera,"Good app,I really love it 😀",5,2026-03-28 15:31:16
Baguma Bumali,The app is good,1,2026-03-28 06:56:40
Juliet Lukabya,So good,5,2026-03-24 17:00:23
Mariam Wanyana,the network is poor,1,2026-03-24 09:34:17
Kashalt Rash,this app is🤮🤮🤮🤮,1,2026-03-24 06:27:00
Twebaze Allen,This is a great app. the services are easier used,5,2026-03-23 23:39:23
Quincy Kelly,Fast Easy and Reliable,5,2026-03-23 23:15:08
Fathi Ayiko,Has failed to work in my phone,1,2026-03-23 16:21:26
Nasasira Isaac,very poor won't let me even login,1,2026-03-22 15:48:34
Michael Nagenda,it doesn't launch,1,2026-03-22 11:20:52
Ilukol Augustine,very fake.,4,2026-03-21 18:02:13
irine nandudu,installed it for the first time but it's been disappointing. I can't access the app.,2,2026-03-21 15:52:49
Kawooya Abdurrahiman,failed to work,5,2026-03-21 13:53:14
Ssemwogerere Brian,Best app,5,2026-03-21 09:05:46
Arthur Erthur,It is maverous. lt is easy to use.1️⃣🥰🥰🥰🥰🥰,5,2026-03-20 17:32:17
Mack Byom,very annoying,1,2026-03-19 21:19:42
Akandwanaho Osbert,exceptional,5,2026-03-19 13:54:38
A Google user,poor,1,2026-03-18 15:52:41
Derrick Harvards,it's not working 😢,1,2026-03-18 11:38:12
Barongo Davis (ARTKINZ PRO),perfect,5,2026-03-17 15:17:16
Omulur Peter,I have a problem with this app,5,2026-03-16 21:11:57
Afuzal Ssekyema,worst app ever I can't login yet I'm using there silly network.. mobile whatever fix that mtn,1,2026-03-16 19:58:41
Nantuuwa Phiona,easy to use,5,2026-03-16 19:38:08
Akello Mercy,looks like it's not meant for Samsung users,1,2026-03-16 16:30:11
Yekunu Tekel,keeps crashing!!!,1,2026-03-16 15:31:43
Okurut Stephen luke,just simple to use quick and helpful,5,2026-03-16 09:42:58
Nampeela Christine,very nice if it workz,5,2026-03-15 17:46:20
Nuurah Nakaye,this app is 0%. I am an MTN user. I have installed it multiple times but it not working. whenever I open the app it tells me to switch off WiFi and I use mtn mobile data. but after doing so it closes itself. it really annoys me.,1,2026-03-15 15:13:17
Rick Pro,very slow,1,2026-03-15 15:09:17
jude thaddeus,👍,5,2026-03-15 11:21:22
Mwisha Dominique,it's so good,2,2026-03-14 23:07:59
Gilbert Amooti,Just perfect,5,2026-03-14 08:21:49
Asher Wattles,Nice,5,2026-03-13 19:48:11
Gertrude nasanga,I love it 😍😍😍😍,5,2026-03-13 13:48:14
Junis Wise,Always available anytime,5,2026-03-13 08:55:28
Ogenduzi Philofilo,great to use the apps,5,2026-03-12 10:08:26
Alex Mukisa,l have a problem on my mtn app,5,2026-03-11 14:45:10
isaac kenyi,prestige 🫡,5,2026-03-11 12:02:38
Cj simpo Charlz,"why is it refusing to open in my phone , I mean I can't access its services it only tells me that the mobile internet is off even when I'm using MTN data",1,2026-03-11 10:03:16
Ogen Moris,my mtn app is not opening why?,5,2026-03-11 07:24:55
Masaja Cyrus,me love it that's why I have chosen mtn network the best,5,2026-03-10 21:44:45
essy muks,the app keeps on saying turn off wifi even if wifi is off and neva allows u access the it.its so annoying,1,2026-03-10 17:07:52
gwanala keneth,the app can't purchase. data it is ever off o. network,1,2026-03-06 17:20:05
Nsubuga Henry Wilberforce,This app doesn't even perform half the tasks they claim it can perform. I am unable to use it to manage my wakanet fiber account. I wish there was a way of giving a quarter star🙄🙄,1,2026-03-06 15:37:22
Tim Bin okware,not working good with my phone,1,2026-03-05 12:43:43
NIYOMUGABO jerome,useless 😞,1,2026-03-04 23:19:52
Alema Edrick,worst app. mtn you can do better,1,2026-03-04 18:56:54
MUKASA DANIEL,"it has connections issues all the time u get ""failed to establish a secure connection please try again later""",2,2026-03-04 14:13:38
SSERUNKUMA Enock,this app is nolonger working,1,2026-03-03 20:19:53
isaac mudoko,am using mtn but it's telling me invalid network so I can't access it 😔😥,1,2026-03-03 18:10:12
Janet Arap,the app can't open even if am using data only,1,2026-02-28 22:18:47
dtads,app no longer works. it keeps thinking n am connected to WiFi and closes down immediately. even though I am not connected to WiFi. its best MTN scrap the app a start again.,1,2026-02-28 21:04:59
Katinda Robert,so great 😘,5,2026-02-28 14:22:15
Phionah Kyomuhendo,the app is displaying mtn pulse why????,1,2026-02-28 12:54:41
Benjamin,this app is terrible this app is so terrible when you try to open it they say switch on your internet and when you switch on your internet they tell you you have a connection problem like literally what's wrong it is so so bad I'm very disappointing if you install it right now it won't work,1,2026-02-27 10:40:22
Christine Benedict Nassolo,the app is not responding why,4,2026-02-25 21:25:15
Najjengo Valerian,the app is not opening,1,2026-02-25 17:01:01
Kirungi Joshua,"I bought my sms package, you guys took my money plus charges and just ate it. that's stealing",1,2026-02-25 05:37:28
Sendagi Henry,how do I check my balance on data,5,2026-02-24 12:20:35
Jemmie Tim,why can't I open the app even with mobile data on,1,2026-02-23 18:56:57
Ariho Emmanuel,it is not opening........,1,2026-02-23 18:09:38
KIMULI BRENDA,"Please, fix the app. it's not working at all. I sacrificed my data to download the app but it says switch wifi and use MTN data and yet I'm using an MTN data. it has failed to open even. MTN , please fix it",1,2026-02-22 13:11:24
Joan Namakula,the app doesn't open on my device . Samsung galaxy note 9,1,2026-02-22 11:43:40
Joseph Maloba,convenient to use at any time,5,2026-02-22 07:00:41
Mugabe Davis,"failure to open , operation ,but otherwise it was good",3,2026-02-21 19:40:45
Shahid Abdul,not working on my phone,1,2026-02-21 14:38:04
Birungi Edinah,so good,5,2026-02-21 11:29:04
Kanyeheyo Rukiya,wow,5,2026-02-18 22:07:57
syed shah,mtn always is the best,5,2026-02-18 21:23:34
Murungi Isaac,"it's a good app, but I really wish it could be improved to so that it is possible for me to get help, or talk with an MTN service provider",4,2026-02-18 17:54:43
arachabon Thimothy,"it is the worst upgrade, how can the app refuse to open just because idont have data and also iwant to open it to buy data, mt please think of this and without stable connection u cant use it even though you have data.. this is not good at all",1,2026-02-18 15:15:50
Okumu Ivan Odida,"Very unreliable app When run out of data, you can't even access it to buy more data",1,2026-02-17 19:30:58
Sseguya Godfrey,my mtn app doesn't work it shows unable to establish secure connection plz try again later,1,2026-02-17 18:05:58
MICHAEL DAVIS MISANGO,Bad experience. not working,3,2026-02-17 15:55:40
Drent Livinz,the apps doesn't work,1,2026-02-17 15:12:32
Michael Palmer,"It keeps saying ""Unable to establish a secure connection, please try again later!!"" I can't use it. it won't let me!!",1,2026-02-17 08:17:57
gipaan pats,"This excuse of an app doesn't recognise mobile data. Keeps telling you to switch off WiFi, yet WiFi is not even connected to your phone",1,2026-02-16 22:18:37
Musoke Hassan,poor poor performance!,1,2026-02-16 17:10:06
Cartoon Gaming,"for installation fiber internet they have fast service but if you have some problems in your internet they will not respond , from 4 days I'm sending them msg email every day they want I want 24 hours ,so plz if any one planning for MTN fiber for business purposes be careful",1,2026-02-16 13:26:48
Liberty Emmanuel,it's not responding,1,2026-02-15 10:20:08
Luwaga Jovan,worst update ever uninstalling,1,2026-02-15 09:37:13
Rackara Emmanuel,This is actually the most annoying version of all time. The previous version was working so well but this new update haaa don't even waste your data downloading it.,1,2026-02-14 13:26:01
odoi jethro,"Mobile Data payments do not reflect at times, you check the app and it says you have the data you bought via the app, but when you dial *131# the data purchased is not there or even working when you try to use internet, and customer support seems not to be effective, I have talked to the chat bot and a customer support individual and no results that give me the data I paid for till now, very disappointing.",1,2026-02-14 10:02:22
Onencan Emmanuel,Great apps and has eased my access to mtn products,5,2026-02-13 22:27:35
Benny Lamar,"To be honest, I am an MTN die-hard user. It shouldn't go without saying that the idea of the app is a game changer however, becoming slightly worse with every update is not the way to go. Just today alone, I have deleted and uninstalled it almost 6 times because it ""Has failed to connect to the server"" please work on this issue. Display could use some real help too",1,2026-02-13 20:09:22
Kinene Rahma,what happened to this app it's not working,1,2026-02-13 10:53:34
Chemonges Enoch,why does it say turn off wifi when I am clearly using MTN data and now I can't use the app,1,2026-02-13 08:58:21
Lawrence Trevor,very poor interface n slow,2,2026-02-11 14:54:09
Marvin Cullen,"I would really want to use this app again, but it has failed whenever I install and open, it brings an invalid mobile network despite me having mtn data running. so what can I do to fix that.",1,2026-02-11 14:44:25
Isma Dk,why mtn up was not open,5,2026-02-11 13:53:32
Jesse Katumba,Better,5,2026-02-11 07:45:52
Jackson Byamungu,hello. this app doesn't work well in my smart phone. I would like to know why,1,2026-02-10 17:06:26
Da dude,For a while this app was so smooth even without loading data you could access it but all of a sudden it's now zero-rated. You can't open it now without having data even with loading data it still refuses to open 😑. Please work on this one otherwise 🚮,1,2026-02-10 11:24:09
Namu Love,reliable,3,2026-02-09 20:18:49
Bbaale Chrish,this app is good and give free Data after download but it takes long to load,1,2026-02-08 19:35:45
Masereka Ednus,very friendly to use,5,2026-02-07 19:33:37
Tara Anisha,Igive it five hundred,1,2026-02-07 16:34:59
Dusenge Aime parfait,this application is very good too have it,5,2026-02-07 12:48:52
Kasiimire Martin,it doesn't work 😭😭😭,5,2026-02-06 08:55:51
Moreen Abedirwoth,free 500 data MBs for New user,5,2026-02-05 14:14:30
Jordan Amanya,can't you restore the previous version before the mtn pulse was added into it now it buffers every chance it gets I can't even buy a bundle,1,2026-02-05 12:58:47
Ndibazza Genesis,Good so far but Im confused on how to see my current data plz help REFUSE THIS MTN PULSE FROM SHOWING ON IT PLZZ😭😭,3,2026-02-04 23:58:40
Mbambu Alice,am glad to be part of this app,5,2026-02-02 18:49:39
Iyadi Mujuni,truly mtn is the best,5,2026-02-02 07:44:42
Hafashimana Jean Felix,your app doesn't do it's fake too,2,2026-01-31 23:20:53
Nabimanya Derrick,why am I not getting my MTN uganda?,1,2026-01-30 19:17:33
Sharon Nasande,the app is telling me to turn off Wiffi,1,2026-01-29 12:23:36
Adong Susan,good app and always,5,2026-01-28 19:39:47
Raymond Aturinda,it has failed to open,1,2026-01-28 17:33:52
Nickson Arineitwe,Not effective at all,1,2026-01-28 10:50:00
Joshua Mukuru,Cool with cheap data,3,2026-01-28 09:14:30
0nena Psalms,I wasted my data and downloaded it many times and it keeps saying turn off WiFi and use only mobile data yet am using only data MTN pliz fox diz prob so dat it works on ma oppo phone,1,2026-01-28 06:49:09
Luxsonic Robert Olangu Luxsonic Robert,I like the way this app works thank you for your service too,5,2026-01-27 00:47:47
Amon Ahimbisibwe,bast app,5,2026-01-26 14:29:33
Ssendawula Paul,the app tells me to turn off Wi-Fi and use MTN internet every time I open it. it doesn't work on my Samsung. Developers work on my issue.,1,2026-01-26 09:41:32
Ndawula Pascal,it's better than MTN agents 😄 and it's fast secure and just 😎🆒,5,2026-01-26 08:09:34
Niko Niko pulo,nice to u g 🙋‍♀️,5,2026-01-24 18:03:05
Hhh,Not yet working as expected.,1,2026-01-24 15:13:04
Eddy Murphy,This app doesn't have a mobile money access only airtime,2,2026-01-24 12:46:54
Naomi enid Kasemire,only problems,5,2026-01-23 20:28:42
Never Grace,best app,5,2026-01-23 19:12:42
Mwongere Yokasi,so good but reach time and get expired were they could not give u offers,5,2026-01-23 11:50:12
Omiat Desmond,somehow cool,3,2026-01-22 17:09:53
Akia Margret,I have liked it so much,5,2026-01-22 12:20:24
Isaac Kasinguzi,it hasn't helped me,1,2026-01-22 10:24:11
Adongo Dorcus,I downloaded my mtnapp but it's not working,1,2026-01-22 10:10:41
Elly Tumuhimbise,App is good,5,2026-01-22 08:11:09
Ann Marie Nabitosi,doesn't work anymore,1,2026-01-22 00:04:37
mayeku luke,it used to work but now it's fake,1,2026-01-21 09:59:52
mophat atibo akuaku,of recent I have experienced data drained without surfing. the second experience just happened today am extremely disappointed with your service,1,2026-01-20 19:20:18
Simon Adingli Lomonyang,it has been very helpful and rescuing..,5,2026-01-20 16:23:39
SHAKIRA HUSSEIN,MTN is a scam i sent airtime using MTN i sent it on my Airtel it's been 2 days now and airtime has never been received yet they redacted it from my account you buy data without doing anything with it it's finished now they take money for free and their customer service is never available,1,2026-01-19 12:26:12
Okiring Millan Edward,"Poor UX, very slow and sluggish. Additionally the App can't work on WiFi.",1,2026-01-18 18:49:33
Babra Anyait,"This is where Airtel Uganda wins, we can access their app on data and Wifi too. i have resorted to using mtn for only incoming calls",1,2026-01-18 18:05:13
Ahumuza catherinegrace,"""unable to secure a stable connection, please try again later"" that's all it says. I try to buy data to use it, and it still says that. I am really tired of this app. it was nice at first but changes were made and it never came back the same. I hate it now.",1,2026-01-17 23:30:29
Emmanuel,I have no wifi connection yet it insists I need to turn it off.... what's with that...I'm tired of this...I quit,1,2026-01-13 06:42:14
Muwawu Moses,"VERY INCONVENIENT!! 1. Without MTN data, you can't use it. 2. I can't send money using it.",1,2026-01-12 19:58:02
Shafic Kateregga,when you tap in it.... it takes you to MTN pulse instead....,1,2026-01-12 11:52:26
Mumbere Franklic,This app is very nice especially for data and other offers,5,2026-01-11 20:39:13
LEONARD Tukashaba,its brings turn off wifi and use data. probably not fair,1,2026-01-11 00:33:37
Blaqk Nicq,This app is too good I swear,5,2026-01-10 16:48:42
Poppins Icon,unstable connections,1,2026-01-10 06:14:05
tusiime micheal,Installed the app but it doesn't open.. I'm on MTN internet but it just doesn't open. this app should just be removed from the store.... These guys are just unserious. 2026.same problem. can't login,1,2026-01-10 00:50:35
James,The app does not work. It should be removed from the Google App store.,1,2026-01-09 19:16:11
Hon Andre,this App doesn't work on my phone,1,2026-01-09 18:15:37
Wamono Akram,mine is not working,5,2026-01-08 01:11:58
Amulen Winnie,fake,1,2026-01-07 22:40:47
Jim Amanya,very fake,5,2026-01-07 21:27:31
Pius,This is mtn pulse not MTN app it's all confused up,1,2026-01-07 20:01:09
VOIKU ALORA,The app has never open for me since I installed it,1,2026-01-07 10:39:17
Harrison Wanyoto,No matter how many times I tried it wouldn't let me register an account even when I spent money to get data to do so and I wish I would put 0 stars,1,2026-01-07 10:20:27
Nanyonjo Christine,disturbing,1,2026-01-07 07:08:11
Beverly,terrible,1,2026-01-06 22:46:02
A Google user,Sending money to differet accounts and it keeps your money safe,5,2026-01-06 20:58:07
mbabazi Travor,the app was better but ur updates a destroying it though I hv data it can't open make it data charge free lyk B4 or live it coz though I hv data it can't open,1,2026-01-05 07:56:01
Atugonza Jane,good app and ⏩,5,2026-01-04 12:57:46
Hind AlHawari,Why aren't we autherized to use this app?,5,2026-01-04 08:12:50
Esther Lhoda,better,5,2026-01-04 07:08:38
Stuart Charles,its good,5,2026-01-03 16:43:37
Anzoa Kelly,it's saying that I should switch off my Wi-Fi yet it is not on,5,2026-01-03 16:11:11
Kabwama Brenda,can't open,1,2026-01-03 16:04:07
Natukunda Cleophas claire,there is a problemwith the app it's opens as a MTN pulse,1,2026-01-03 11:00:53
Humble_ËL_Proffesor,"My app is always updated but it says ""Unable to connect server🥺",1,2026-01-03 09:59:40
Suzie Q.,Great app many functions and perks more details on app about your number,4,2026-01-02 20:03:57
Brian Muwanguzi,when i open the app it shows mtn pulse instead of the my mtn screen😢,1,2025-12-31 14:06:14
Abbey bagon,Extra ordinary,5,2025-12-31 13:26:40
Favour Akullu,the apps is not responding and it's saying unable to establish secure connection. that I should try it later. what could be done,2,2025-12-30 19:38:28
AGUMA ERIC DANIEL,not opening,1,2025-12-30 17:54:48
Nassozi Gladea,whenever I try connecting the app it says switch off wifi or connect with MTN data yet data is available.......maybe it it doesn't suit my Nokia phone... MTN...please kindly address this issue,1,2025-12-30 13:02:28
Kiriisa Innocent,cant open on my phone,1,2025-12-30 12:24:34
Namitala Viola,doesn't work on sumsang,1,2025-12-29 21:30:20
Isaac Azan,no star app does not even open🤕,1,2025-12-29 19:30:28
Tumwesigye Dezi,it's good,5,2025-12-29 18:48:24
Aine Miriam Nancy,it can't open,2,2025-12-29 18:40:34
Nambuya Gorret,not allowing me to open the app with mobile data,3,2025-12-29 15:21:22
Twiikirize Apophia,"eeeh mtn let's be serious for once u can't open this app without data, I bought my data and app doesn't recognize it and doesn't open",1,2025-12-29 12:06:16
IAN TENDO,"It keeps telling me to switch from Wifi yet I'm using MTN, what a huge failure in the App by",1,2025-12-29 09:04:14
Nayebare Innocent,this app continues to bring invalid mobile network even when am using MTN data bundle. what would be the issue.,1,2025-12-29 08:06:24
Brianah Kibirige,this app is slow,3,2025-12-28 20:54:48
JOTHAM TECHNOLOGY,No need ov mastering codes 2 purchase bundles,5,2025-12-28 20:04:25
Bakama Owen,waoo,5,2025-12-28 14:12:51
Madina B,fantastic 😍😍😍,1,2025-12-28 14:11:06
LIVINGSTONE MUHANIKA,MTN is the best mobile Service Company World wide,5,2025-12-28 11:18:46
ondua brizzy,"very good network service, and it's to do any transactions at a very good rate, and u get connected even if u are abroad. u remain connected with ur family members. Even if u are not in uganda, and u can also do school fees payment using the application and are very efficient, u can even get school fees loans from the application ,u can even have over draft if u hv less amount of money in ur account and be paid back u get float so due to all said above the application is the number one app in ug",5,2025-12-28 11:16:49
Olupot Fenekas,very easy to use and interesting.,5,2025-12-28 10:52:06
Wayne Ntale,Worst MTN app ever used. It's trash,1,2025-12-28 10:10:19
Garang Deng Liel,MTN is very useful to me so I would like to thank and encourage MTN management to expanded their operation to rural areas,5,2025-12-28 09:19:02
Stella Brighton,"but why tell me to turn off wifi and use cellular data when actually its the one am using,am very much confused and pissed off",1,2025-12-28 08:04:06
Curtis Mahn,Very good,5,2025-12-27 20:19:54
Asiimwe Mugisa,ive been using MTN since it started and am still using it and my friends and family,5,2025-12-27 17:40:09
Kassim Dhabuliwo,😀,5,2025-12-27 17:04:11
Damil Martin,fake app,1,2025-12-27 11:01:49
Muwonge Joel,"very useless app, i use mtn data but is ever telling me to turn off the wifi 😠",1,2025-12-27 10:53:16
Daniel Pounds,"this app is wow, it has amazing buttons, colors, and the ui. Thanks, MTN",5,2025-12-27 10:31:17
Okiria Michael,"l love the app very much, it's easy to use and it gives me what l ask it to",5,2025-12-27 08:01:51
Victor Isiko,the app is fair,2,2025-12-26 21:24:15
Brenda Kusiima abooki,refusing to open,1,2025-12-26 19:27:45
Benson Ogwal kamilo,free mbs 500,5,2025-12-26 15:51:06
Rayan Giggs,can't be used on my Samsung A12,2,2025-12-26 13:19:53
Tumuhimbise Joseline,fast and cheap to use,5,2025-12-26 12:37:12
Omid Nabizadah (Sadam),ok,5,2025-12-25 17:00:19
Namyalo Beat,you lied that I can get a free Christmas bundle which u didn't give me,2,2025-12-25 12:42:27
Ogweta James,the app failed to work. It reads close your WiFi settings and use myn data so I still need more light on its usage,2,2025-12-25 11:58:24
Kanyesigye Amon,you're app is not specialized it collides with mtn pulse when I open it then sort☹️☹️☹️,1,2025-12-25 10:01:50
KASUMBA David,I have not yet received my mbs,2,2025-12-24 16:22:38
Liyima Denis,nice 👍,5,2025-12-24 13:57:20
Louis Lexham,great 👌,5,2025-12-23 01:29:35
Tayebwa Alishia,it's so fake 🤥,1,2025-12-22 18:12:07
anthony odeke,very useless app because it also requires data for you to use it,2,2025-12-22 05:05:28
Kisembo Julius,it fails to open most times,1,2025-12-21 22:54:27
Abonyo Racheal,"Despite google says there is the possibility to pay fees and government taxes, the reality is NO, there isn't. Besides, they don't allow to use wi-fi, only MTN data. App of garbage.",1,2025-12-21 16:28:23
SSENDAWULA KENNETH,it's good and faster,5,2025-12-21 14:13:51
Francis Bill,cool,5,2025-12-20 23:47:19
Womugisa Comfort,smooth,5,2025-12-20 17:09:35
Godi John,"This app can't work in my Nokia 2.4 android phone even after downloading and installing it several times. it always shows to switch off Wi-Fi and turn on Mtn data. I don't know whether this situation can be fixed by the app developer. l rather have zero rating of the app at the moment, very useless",1,2025-12-19 20:27:45
janefrancis mirembe,I didn't download mtnpulse why is it not showing my mtn app features,2,2025-12-18 13:44:28
Ferdinand Smith,"this is my best app for sending money, buying data, and airtime",5,2025-12-18 08:11:21
Paul Musoke,"for sone reason, it just fails to open sometimes...even when data is on",1,2025-12-18 05:35:31
rusengye brian,it's very useful and good to use,5,2025-12-17 20:05:25
Jonathan Y Teah,good job,5,2025-12-17 18:44:46
Wyclife Nkamwesiga,"why is it that everytime I open it, I end up in mtn pulse",1,2025-12-17 12:52:30
Kabugho Harriet,I can't give it any star because it doesn't work on my phone. samsung. it says turn off WiFi even when am not using it,1,2025-12-17 05:34:03
Nyaika Joshua,"this app is not opening, it's asking me to turn off my wifi and use mtn data yet I don't have any WiFi connection",1,2025-12-16 21:27:17
Drake John,Don't know but it's refusing to work on my device please I need your help I prefer using it. It says that switch off wifi connection and use network yet there is no wifi,1,2025-12-16 18:54:23
Swaleh Saeed,I love it,5,2025-12-16 17:55:47
Mariam Mukiibi,the app doesn't open at all it keeps saying remove network from WiFi yet I'm using mtn data,1,2025-12-16 16:32:20
Mallane Marjorine,can I get any free data or bundles,5,2025-12-16 11:59:00
Jesse scott,why has it refused to work on my phone,1,2025-12-16 08:20:10
Tonny Alex Omara,it's failing to work,3,2025-12-15 19:58:30
Chleria,The MTN guys should change the settings or whatever coz not everyone can actually or uses mobile data like me am ever used to wifi so now please change that stuff,1,2025-12-15 19:50:11
Semwogerere Sula,So far so good,5,2025-12-15 18:35:14
umudozi AM,not working at all,1,2025-12-15 15:56:31
Drajoru Mary,i love my mtn app,5,2025-12-15 11:47:11
Rake Gm Albert,Batulimba,5,2025-12-15 10:17:56
Bwambale Ronald,good 👍,5,2025-12-15 02:29:05
Betty Nakabuye,the app is gud,5,2025-12-14 23:14:36
Ibrahim Mwanje,I got my 500 mb thanks mtn,4,2025-12-14 18:47:44
James Ebuu,I found this app so good I more than 200 friends,5,2025-12-14 17:12:20
Nabaasa Brian,I like it,3,2025-12-14 11:29:29
M. Kennedy,why is it that it keeps on telling me that I have to turn off wifi yet it is off whenever I try opening it?,1,2025-12-14 10:39:17
Mohamed Hamza,the Sudanese server not working probably,1,2025-12-14 05:14:08
Kevin,It is fake..the app can't literally open.. I would rate 0/10,1,2025-12-13 22:01:30
Iremera Fredrick,not activating,5,2025-12-13 20:19:29
MUTHENDE OWEN,it shows content for MTN pulse....I don't know why.,2,2025-12-13 20:15:37
Brian 12 Mpumwire,yeah,5,2025-12-13 18:42:23
Acen Sarah,after downloading the app wasn't given free. mbs liars,1,2025-12-13 15:55:58
James Amugoli,it doesn't work actually I have tried several times but it can't,1,2025-12-13 14:16:28
jasim Trevor,nice network,5,2025-12-12 12:28:38
Nantume Sophie,it doesn't allow me to install and I put my data it says you have no data 0 star,1,2025-12-11 22:32:48
Akim Francis,I downloaded MyMTN App then opening it it brings MTN pulse. If i wanted MTN pulse would i waste time to download MyMTN app?,1,2025-12-11 21:22:16
TUMUHAISE BENON,the app fails to open saying turn off WiFi and use mobile data yet its what am using,5,2025-12-11 19:45:22
Ivan Happy,"The app has refused to set up, I am using oppo a3s. It only tells you that turn off your WiFi and use mobile internet, yet it's the one I am using already. please fix that.",1,2025-12-11 17:50:04
Muhammad Mustafa,"Please, I bought data worth 1040 via prestige and it's no where to be seen. that's a great scam",1,2025-12-11 16:50:33
Kabiito Ismail,fast payments,5,2025-12-11 13:15:49
Day Dax,𝑮𝒐𝒐𝒅,1,2025-12-11 13:08:16
ROYAL ENTERPRISES INTERNATIONAL LIMITED,awesome user interface,4,2025-12-11 12:10:54
Chrispas Noel,absolute trash don't fall for it guys,1,2025-12-10 21:39:27
Sallongo Elly,It's good,5,2025-12-10 13:04:34
Godwin Rutatina,Ecstatic,5,2025-12-09 18:00:29
Nantambi Aida,refused to open,1,2025-12-09 16:05:54
Agnes Namuwenge,Good to use but some small issues to b worked upon,2,2025-12-09 11:38:56
Ahebwa Collins,"MTN app went to Dark theme and got spoilt.. It can't show all Balances like data, Airtime, points and others. it went to intention of only buying Bundles...",2,2025-12-09 11:32:02
Amalo James,it is not even responding you have to first set it for me now now,5,2025-12-09 00:59:58
Kantono Zahara,this app is very good,1,2025-12-08 23:10:38
Prince Daglous,"This application is turned into MTN pulse and it's not purchasing anything like a Data bundle or something else, therefore please make it clear!",1,2025-12-08 21:42:39
Chelsea Odongo,"every time I try to open it , it says "" unable to connect to server"" even when I have data , like what's wrong with it !!!",1,2025-12-08 13:00:58
Agaba Christopher,"am using mtn data but your telling me turn off wifi, what wrong with the app",1,2025-12-08 11:06:37
Mercy Kisakyamukama,I want rest my pin becoz I forgot my pin please I don't remember my pin,1,2025-12-08 04:56:02
Josh Masha,it keeps showing connection is not good yet I have a lot of data and network,1,2025-12-07 17:30:31
Olive Kasujja,"when your data is over and you try to get more data from the app, it suddenly has connection issues. so then you have to get data via USSDcode to use the app which is stupid honestly",1,2025-12-07 16:51:45
BADDA ALEX,terrible bad it keeps on saying use mtn data and doesn't open,1,2025-12-07 15:00:29
Gaston Byamukama,it's great app thanks,5,2025-12-07 10:11:19
Ashabahebwa Primah,why are you telling me that I am unable to connect to the server yet I even have my data?,1,2025-12-06 23:08:58
Turyamusiima Owen,not useful,1,2025-12-06 22:37:05
Lukessie,Gud,5,2025-12-06 22:26:07
Musoke Nuhu,"y can't I use this app whenever I open it it says turn off your WiFi and use mtn mobile data yet I don't even have WiFi, I use mtn mobile data",1,2025-12-06 20:43:14
Kirangwa Robert,mymtn app doesn't open on my phone yet I would like to use it.I have tried several times.,5,2025-12-06 20:28:24
Rubangakene Jerome,"So I dont know what we Samsung users have done to MTN but this app is fake ,it keeps saying unable to connect try again later like whats up",1,2025-12-06 17:47:08
Orlando Chris,helpful,5,2025-12-06 16:37:41
Daniel Ochom,the best,5,2025-12-06 11:24:43
Ndawula Kizza,Good all time,5,2025-12-06 10:00:13
SSENDIJJA PETER,Some good but improve on the offers on the app there's no difference with the SSD code,4,2025-12-06 07:37:28
Musema Robert,"I only gave that star because I don't want to be called selfish. This app just wasted my data downloading it for nothing and instead of occupying space on my phone, I just erased it🥴",1,2025-12-05 20:55:29
Charlie Grace,this app is very good MTN is such a very nice network,5,2025-12-05 19:18:52
Kalio Hakeem,my number one,5,2025-12-05 18:53:46
Maiso Jonathan,"this app is worse ,it deserves zero star",1,2025-12-05 17:34:15
Drileba God,it fantastic interms of bonus,5,2025-12-05 14:51:18
OSCAR TAREMWA,"Tried logging into the app for two months now from my Redmi 12, unfortunately all it says is ""Invalid Mobile Network. Yello. Please turn off your WiFi connection and use MTN mobile internet to access your account"" Yet I'm clearly using mobile data and using the MTN line",1,2025-12-05 01:49:02
Japhet Graham,I can't activate mymbs option,1,2025-12-04 17:06:18
birungi kasfah,It has failed to work on my Samsung phone always telling me to switch off wifi but still can't open,1,2025-12-04 14:27:49
Faman FouStar Fabulous,please your MTN prestige bundle is taking my money and I don't get Data in return. that is when I buy directly from Momo,2,2025-12-03 21:41:46
kiiza Winnie,why does it keep telling me to turn off wifi and use data yet I'm using data,1,2025-12-03 19:02:11
Phyllis Mpumwire,How does this App work? keeps saying I turn off WiFi when there's no WiFi connection,1,2025-12-03 18:53:09
Adrian Tegule,Lowest quality app ever. And from an African tech giant what a shame,1,2025-12-03 08:44:07
MR BEAST,This app has stop working,1,2025-12-02 13:32:11
Brian Bumba,"The app has failed to work on my phone. it says unauthorized to use this app"" can't understand why. I have installed and un-installed it a number of times but all the same.",1,2025-12-01 18:41:54
Iradukunda Fabrice,Amahoro,5,2025-12-01 12:43:30
Tamale Joseph,the app doesn't work on my redmi15c it says turn off WiFi and use MTN yet it's MTN data on. rectify that pilz,1,2025-11-30 12:02:41
shakur,I am trying to open the app but it keeps telling me to use mobile network and to remove wifi,1,2025-11-30 11:46:33
Devine Kalar,I can't even open the app. it keeps telling me turn off your wifi and use mtn network yet it's the one am using,1,2025-11-30 07:37:57
agatha abeja,The most useless app.. doesn't work at all,1,2025-11-30 02:30:35
Cossy namz,it refused to work😭😭😭,1,2025-11-29 16:56:28
Isaac Obia,"There's more perks to using the app than not having it, so in some way, that outweighs the inefficiencies in its functioning. I would have easily given it a five star review. Maybe someday",3,2025-11-28 22:04:36
Niyonzima Gerald,Nice app,5,2025-11-28 12:46:57
Ian Ivan,I prefer this😍🤩🤗 Thanks MTN,5,2025-11-27 12:04:06
Mukasa Emma,let me give it 4 per now,4,2025-11-27 11:40:02
Mwesigwa Jeremiah,"08/06/2025. I actually thought this app would help, but after downloading it using MTN data and trying to open it, it says, ""Turn off WiFi and use MTN Internet"" yet I was clearly using MTN Internet. I have read other reviews, and apparently, the app doesn't work on Samsung devices. MTN, please solve this issue. zero stars if possible. Edit 26/11/2025, they fixed the issue, it now works on Samsung and even offline",5,2025-11-26 15:34:05
Shadrack Cartel,It's the best app ever if we could get this on all internet apps I love it ❤️,5,2025-11-25 23:23:33
Jotham,This app z Amazing,2,2025-11-25 20:04:38
Odama Brian,excellent,5,2025-11-25 19:50:16
Samuel Lwana,bold,5,2025-11-25 19:38:55
Musa Moses,Worse for me,5,2025-11-25 19:25:33
Ssentamu Oliine,free data for people to use,5,2025-11-25 18:23:40
Hassan Maulana,thanks good and wonderful,5,2025-11-25 18:00:44
Munguci Albert,My mtn is not working,5,2025-11-25 17:34:46
Masereka Hezekiah,reliable service,5,2025-11-25 17:29:56
Oriku Patrick,good for use,5,2025-11-25 15:23:10
Matthew Weps,fast and secure,4,2025-11-25 13:36:59
Alum judith,I have completely failed to login. the app keeps telling me to use mtn internet to access my account yet it's what I have been using.,1,2025-11-24 16:21:38
Sylvester Kisembo,restricted to data why,1,2025-11-24 09:58:16
Blair Pius,it's really nice. but I don't know why it shows as pulse😏,5,2025-11-23 14:16:20
Nambooze Jamila,Why can't I use this app while I'm on wifi,1,2025-11-23 00:04:04
Jayden Jaiho,love the data but increase,5,2025-11-22 21:52:09
Avinash,I thought this app was free .my dear it needs Data to be used . nze neno app twaukanye nga mabina,1,2025-11-22 19:16:05
Book Me,The app is fake keeps saying turn off wifi even when WiFi is disabled. Don't waste time,1,2025-11-22 17:09:23
Ogwang Brian,good 👍 looks ggggggggggggggluck for good job done,5,2025-11-22 14:32:36
Grace Leah,this app gives a hard time,1,2025-11-22 12:00:24
BOIC TONIC,not giving more data bundles,5,2025-11-21 07:09:12
Mwesigwa Mark,"it's exciting with the best offers, my MTN thank you",5,2025-11-20 19:58:20
Asiku Geofrey Jeff,"Unable to connect to server 😞, all the time",1,2025-11-20 19:20:49
Ebyongu Albert,This app is not opening or accessing me in,1,2025-11-20 18:58:38
Bogs Paul,it doesn't work. I'm just wasting my time and data.,1,2025-11-20 18:30:17
Javan Zibiah,very fake app something it really disappoint,1,2025-11-20 17:14:50
Dricile Stanley (Nadra),very excited,5,2025-11-20 16:59:02
Kajoba Allan,check your network,3,2025-11-20 14:36:10
Felix,This app was really good at first but at the moment when you open it it takes you to mtn pulse instead It's really a freak 🤕🤧,1,2025-11-20 13:26:02
Omongot Tom,its bueatiful app,5,2025-11-19 18:27:53
Kabagabu Unice,thank u my mtn,5,2025-11-19 14:13:08
AROMORACH HARRIET,doesn't work!!!,1,2025-11-19 07:38:17
Steven Kazibwe,very good apk,5,2025-11-18 14:27:33
UWAMUNGU GISUBIZO Jules,koyanze gukara muri phone yanga,1,2025-11-18 11:50:14
Lenia Annet,enjoyable,5,2025-11-18 09:40:41
wiz rob ug,useful,5,2025-11-18 03:20:27
Byamx Tulinx,it is not accessing in my phone,2,2025-11-17 18:05:38
Philip Pope,very slow and consuming more data,1,2025-11-17 16:56:51
SANFRANCISCO SHARIF,the app keeps on loading since I downloaded it no use by now if possible 0zero star,1,2025-11-17 15:36:30
Kalemire Elton,"while opening it it keeps on telling me that failed to reach server,and more so it only opens when it wants i don't know what could be the problem",1,2025-11-17 15:19:30
Mirembe Rashida,its not cool,5,2025-11-17 11:17:58
Jon Bosco,very much good for the un certain scummers of whom sends us direct messages so I just open the mymtn app for insuerity,4,2025-11-17 07:31:38
Mugalu Darius,Good work,1,2025-11-16 19:18:24
Okwalinga Daniel,🙋🙋🙋👊🏿👊 the king of the jungle 👈👈👈,5,2025-11-16 17:21:48
Patricia Natasha,it's good but doesn't go on without data,5,2025-11-16 15:40:37
Ataki Fred,it good 👍,5,2025-11-16 15:21:51
Tyrant Da atopian,I like data and minutes,5,2025-11-15 22:11:02
Alum,this app is fast and secure,1,2025-11-15 18:26:57
Michael Enasu,nice and lovely app,5,2025-11-15 17:39:02
Lwande Godfrey,simple and faster,3,2025-11-15 17:17:29
Ocen Andrew,can not log in,2,2025-11-15 16:53:43
Prossy Bukirwa,its fantastic,5,2025-11-15 10:36:48
Samuel Matovu (Mats Blair),it's 2025 still this app can't be used over WiFi😟,1,2025-11-15 07:46:01
Mike Mixon,The app is desturbing !!!! some times not well connected to the server,1,2025-11-14 13:06:50
Kizito Ali (Saava),This app is totally useless coz whenever i try to open it can't do anything at all. Just loading their adds. It's wastage of data to download. Pliz you guys try to bring back the old version but not this new version which is meant for displaying add only it's more than worse 😭😭😭😭😭,1,2025-11-14 07:24:45
Moses Mugisho,fresh and clean 👌🏿,5,2025-11-13 21:59:19
Turyagumizamu Milton,helpful and it is better to use quickly,5,2025-11-13 10:12:39
RAMZAY ZODIAC,very good app add more free data on my account,5,2025-11-12 21:14:16
Berchel Safou,On à besoin des cartes bancaires virtuels maintenant.,3,2026-04-23 12:58:24
Max Mantsouaka,bof,2,2026-04-22 13:19:33
Meglove Diass,cette application est une fraude,1,2026-03-06 12:20:52
STYVE BWIRABUBUYA,"L'application My MTN me donne une notification d'erreur seulement lors de l'installation, a chaque fois que je lance l'installation, elle me demande de se connecter au réseau Wifi quand bien même j'utilise les données mobiles.",1,2026-02-28 21:26:21
Michael ouissyka,super app je l'utilise tous les jours,5,2026-02-24 21:07:09
Delphin Ayikpe,L'application ne marche pas après l'installation,1,2026-02-22 00:17:00
jean nkodia,j'aime beaucoup cette application,2,2026-02-04 13:17:31
Christ Mandoko,meilleurs dans le congo,5,2026-01-31 22:07:28
Aldrich Loemba,Parfait 100% cool je valide j'aime beaucoup cette application,5,2026-01-28 14:57:17
MaxTopo Hountangni,Bon,5,2026-01-24 22:34:41
Tonguino Jean Robert,Super cool,5,2026-01-10 00:15:11
Josué MBAMBI,"l'appli ne fonctionne même pas. A peine télécharger, on te demande de télécharger encore une nouvelle version, en cliquant sur télécharger, ça te ramène sur play store et là bas play store écrit élément introuvable. Je ne sais si c'est un bug mais ça fait 4 jours que j'essaie et ça ne passe pas 🤦🏾‍♂️🙇🏾‍♂️",1,2025-12-28 21:29:57
THYNO DESTIN MABOUNDOU,je suis déçu trop des problèmes de connexion Internet pourquoi comme ça svp faites des efforts,5,2025-12-14 16:13:19
Dheon,"médiocrité absolue, je n' ai pas accès à l'application.",1,2025-12-12 14:05:54
Henri Joel MISSIE MBANI,"très médiocre l'application ne s'installe plus, je ne vous donne même pas une petite étoile, rien ne marche.",1,2025-12-09 22:29:11
Julien AGAN,"Cette application et même celle du net ou sur pc ne fonctionne pas correctement. Sur le pc j'ai le même montant et la même connexion qui 'e changent jamais malgré les recharges et les mises à jour ou actualisation, c'est vraiment dommage pour un si grand réseau soit disant. L'application télécharger choisit peut être avec quel portable marcher. On tourne en rond sans succès, je ne sais pas comment cela a réussi pour ceux qui en disent du bien! l'application doit trier certainement les endroits.",1,2025-12-03 10:54:12
Samy Makita,"c'est vraiment regrettable, l'application pour fonctionner, demande une mise à jour. Mais le lien pour télécharger la mise à jour ne fonctionne pas. Alors comment utiliser l'applis !!",1,2025-11-27 15:52:56
Ismaël Ikagna,4 étoile c'est super,4,2025-11-17 20:44:53
jeffry bill mbila,satisfait,5,2025-11-15 01:47:37
Bahenda Wague,Merci pour votre disponibilité Merci encore,5,2025-11-08 22:14:31
Alman Assé,un peu nulle,2,2025-11-07 15:18:47
Kim Kimfoko,génial,5,2025-10-21 23:26:13
Malucodi,j n sais pas qu'est ce qui s passe mais cela n s'installe pas sur mon phone. mais quand j'essaie avec celles d'autres pays c'est carré 😔😔😔,1,2025-10-14 19:43:27
Emmanuelle Kengue,ou es là nouvelle version,1,2025-10-12 17:50:02
Prince Japhet,ne fonctione pas,4,2025-10-12 16:21:28
Merdel NIMI,"Une application que je viens d'installer mais qui me demande encore les mises à jour, et tu rentres c'est sans suite...",1,2025-10-12 07:29:04
Gyl'b Yembe,trop nul. ça ne marche même pas,1,2025-10-07 20:28:19
Kadie Konaté,je que tout les applications 'installe,5,2025-10-05 05:22:07
Stopira Dzila,"Bonsoir MY MTN. j'ai toujours aimé cette application par-contre j'essaie de faire un mis à jour, sur mon téléphone ça marche pas. s'il vous plaît aide moi, mon appareil est un TECHNO POP 7",2,2025-10-04 01:55:49
Brade Elion,l'App du bonheur,5,2025-09-25 07:35:30
Prophete Ngollo Itoba,Pourquoi c'est inacceptable,5,2025-09-19 13:40:18
Naima Moukoueri,je me Sète application lo,5,2025-09-16 12:23:36
Paterne Eric Mavioka,Pas mal,5,2025-09-16 09:50:55
Logan Belli,Merci MTN pour nous faciliter la tâche,5,2025-09-15 20:02:10
Doum 99,impossible de se connecter sur les serveurs en côte d'ivoire...,1,2025-09-14 19:28:16
Janaï jodan Mbani,"comment faire la Mise a jour,car chez moi l'application est hors service",2,2025-09-09 00:17:18
Vanessa Nzola,trop nul,1,2025-09-08 21:30:28
exauce diabangouaya,cette application ne fonctionne pas,1,2025-09-04 19:25:49
Dany Dak,L'application est bonne et simple à utiliser une fois installée on vous donne 500 méga,5,2025-09-04 16:40:33
Vhady Nguie,"C'est vraiment regrettable, cette application n'est plus à jour depuis longtemps et après l'avoir installé, on me demande de télécharger une nouvelle version mais la nouvelle version n'est pas disponible.",1,2025-08-20 20:36:12
Razafindralay Jeudi Samuel,c'est très bonne,1,2025-08-19 16:43:13
Thomas Bakalas,"l'application ne fonctionne pas depuis un moment, suite une mise à jour",1,2025-08-14 20:49:16
Clarice saidi,My MTN is beautiful 😍 j'aime beaucoup,5,2025-08-11 18:28:10
Guerrna ç Koutatouka (“Triple-Sept”),L'application demande une mis a jour alors que y'a pas d'autres version ici !,1,2025-08-11 00:06:12
Patienté Yombi,bien,5,2025-08-08 19:22:38
LEI RYO,nul nul nul nul nul nul nul et nul 0/10😡😡😡😡 Etoile c'est juste parce qu'il faut mettre au moins une pour publier sinon je ne devais rien mettre.,1,2025-08-08 11:10:04
Moise Injili nzayaha,tres bonne application,5,2025-08-02 12:32:52
Jeffrey Mignon,pourquoi l'application ne se lance plus ?,1,2025-07-30 17:22:30
Viad'F John,"elle ne fonctionne plus, il y est écrit : nouvelle version MyMTN disponible cliquez sur télécharger pour mettre à jour. mais lorsque je clique sur ""télécharger"" rien ne se passe",1,2025-07-29 14:59:51
LORIS LOPEZ,application nulle. nous sommes au 21 ème siècle et cela ne marche pas,1,2025-07-28 01:37:15
Saint Kantsi,trop cool,5,2025-07-11 22:00:36
Clardy Bat,ça ne marche pas,1,2025-07-10 14:16:10
Cleyhmard et thersianie Kinzonzi et Loïc kinzonzi,Je l'installe pour exécuter la ce Zoro je me souviens dans le passé avec mon ancien phone ça marche mais la ce foutu rien ne marche au Congo 🇨🇬 Pointe-Noire précise bien sûr ailleurs je ne sais pas mais ici ce double zéro,1,2025-07-07 22:36:53
Elodie Kate,je ne parviens pas à me connecterq,1,2025-07-02 09:45:51
claude og,null cette application ne fonctionne pas dans mon téléphone,1,2025-07-01 22:56:33
Jordan Rachadol,"après l'installation de l'application un message apparaît veillez faire la mise à de l'application,",1,2025-07-01 03:19:50
DiNAH SOROMOU,ça ne prend pas,5,2025-06-30 12:51:23
Mehrlicht 498,mauvais,1,2025-06-28 00:00:28
Gloire Felder DIANZIINGA (Mwana Nzoko),"A mon humble avis, je pense que cette application n'est pas mal du tout. Dans la mesure où, elle facilite la tâche on nous permettons d'utiliser certains forfaits sans pourtant utiliser les codes. Mais, la chose que je peux reprocher au concepteur de cette application c'est qu'elle nous donne pas toutes les variétés essentielles dont disposent les services MTN comme faisait touna à une époque donnée. D'où, je lui attribue 3 étoiles.",3,2025-06-25 22:02:13
Mathieu MATONGO,L'application dit qu'il faut télécharger la nouvelle version mais elle est pourtant à jour.,1,2025-06-24 12:37:14
Manu Gola,zéro c'est horrible,1,2025-06-08 07:35:26
Divine Maria Kidiba,"votre application à peine téléchargée, demande de télécharger la nouvelle version et quand on essaie de le faire c'est sans suite, pure arnaque !! en réalité je ne devrais même pas mettre une étoile.",1,2025-05-25 22:22:48
SM ROMEO DAWA,J'ai de la peine à installer myMTN et en plus tout est en anglais. Je désemparé,4,2025-05-05 14:24:26
destin mboungou,merci pour l'application,5,2025-04-24 06:41:54
Issa musinguzi,"il semble que l'App ne fonctionne pas dans les Samsung galaxy, hein ??? car je l'ouvre et une notification s'affiche qui me dit y a une erreur au serveur et que je dois désactivé les wifi pour l'ouvrir alors que mon wifi est désactivé ils veulent que je désactive quoi d'autre ??",1,2025-04-08 11:10:05
olivia De souza,Je ne l'ai pas encore essayé mais je vois les avis,3,2025-02-19 22:02:51
Ngwasi Marie,bonne application mais pour le moment la connexion n'est bonne,5,2025-02-02 20:17:25
JOSEPH IRAGI,For sure I have loved the way the app is looking like.❤️❤️,4,2025-01-13 09:07:25
TIRIKWENDERA CHRISTMAS,Koʻsf,1,2024-09-30 06:52:55
Moïse abel Lama,Guidez-moi dans cette application.,4,2024-09-06 23:04:26
Pascal Munyambibi,Agent,2,2024-09-06 18:30:47
Mamadou Tahirou Diallo,Je ne suis pas content l'application s'ouvre même pas.,2,2024-08-24 11:14:18
Officiel ART,J'adore l'application,5,2024-07-10 14:44:55
Daniel Awono kolo,Pourquoi laisser qu'on télécharge pour ensuite découvrir que l'App n'est plus d'actualité et a été remplacée?,1,2024-05-07 12:17:42
Benjamin Hategekimana,Comment je peux utiliser cette application pour satisfaire mes besoins ?,5,2024-04-08 11:47:27
Jacqui Rabenandrasana,Telegram.contact sim.google.chrom.youtub.email.messanger.tout apps reel,1,2024-03-19 13:18:28
FADIL Ben OUMAR,Nul j'suis au Cameroun et j vois pas mon pays,1,2024-03-19 00:26:17
BG TEC,unable to connect to server. c'est le message que je revois à l'ouverture de l'application,1,2024-02-08 12:23:08
Pelagie Anka,Isco black,5,2024-01-26 19:49:08
Shukuru Durrbal,Is use ful mbs,5,2024-01-16 20:38:23
Emmanuel Balogog,Nul cette application. MyOrange est 100000000 fois plus mieux que vous les bêtises,1,2023-12-29 19:58:53
Ouzer JR,Il y a pas le Cameroun pour vous y êtes à crier,1,2023-12-27 10:46:07
Golden Kinouani,Ok,2,2023-12-05 05:42:20
Frank Mfekouht,J'e ne voir par Cameroun dans selection pays,1,2023-11-23 09:54:18
Jorese Gbedemakou,Par mal,4,2023-11-05 11:49:07
Moda Djerabe,Très cool,5,2023-10-12 21:25:09
Come-Riche Assogbenou,L'application ne marche pas sa écrit impossible de se connecter au serveur faites quelque chose svp,1,2023-10-12 15:54:54
Guylain Guerzoni Bassingana (zoni),N'importe quoi vous vous foutez qui même ?,1,2023-10-03 17:42:37
Teikeng Marc,J'ai pas pu me connecter car mon pays le Cameroun ne figure pas sur la liste des pays,1,2023-09-26 14:33:57
Amadou Soniane,Je vous mets 3/5 car l'application n'est pas disponible au Sénégal 🇸🇳.,3,2023-09-22 14:06:32
Pascal Le phénix,Le cameroun ne figure plus parmi ? Comment faire maintenant ??,1,2023-09-19 21:22:18
Herve Durand Ndi,Quand une application n'est plus disponible pour un pays il faut le notifier aux utilisateurs,1,2023-09-17 20:48:05
Gring Bachir,Le fait d'enlever le Cameroun n'ait pas une bonne idée sa devient de plus en plus nulle cette application sa ne sert maintenant à rien...👎👎👎👎👎👎👎👎👎👎👎👎👎👎,1,2023-09-16 11:20:24
Williams Legran,Disparition du Cameroun avec (la dotation du 1Go bonus) de la liste des pays. Son interface qui est différent que celle de la publicité. Bien vouloir y intégrer les fonctionnalités Mobile Money que de créer une autre application et pourtant celle-ci peut faire tout le travail...,1,2023-09-15 22:54:29
Daklin Johan (Joresno),J'ai un souci avec mymtn Depuis le matin je parvient pas à créer de compte parce que il ya plus camerounais sur la première page,5,2023-09-15 13:52:45
Faryda Aicha,Pourquoi il ya plus Cameroun dans mymtn,1,2023-09-15 13:51:38
Daniel Ndjana Bela,"Depuis 2mois mon application mymtn ne me reconnais plus:plus de contenu à afficher, fréquemment mentionné Alerte,je ne comprends rien à ce qui se passe,mes appels aux services clients se soldent par une étude de mon problème qui demeure une intention,que faire ?",1,2023-09-07 10:39:35
Sadiki jean Ntiba,Okay,5,2023-08-31 23:21:59
Mohamadou Bach,Parfaite application 👌👌👌,5,2023-08-25 10:11:30
RÉMI Agbla,Bien,1,2023-08-20 00:49:39
Beno Ben,C'était si génial que j'ai pas les mots pour exprimer,4,2023-08-13 12:50:54
Toni Blēū,Trop cool 👻 1 gigas offert,5,2023-08-05 22:19:51
Dimitrypaul,Very bad as app You must adapted this for any phone This app is not working normally At beginning it give but later this We ask you the code pin . When you put the code pin after they tell you that there are a error,1,2023-07-14 11:26:04
Gädį Fîls,Je,5,2023-07-09 00:33:31
Amati Stanley,certains comment une application agréable à utiliser,3,2023-06-29 07:46:24
Jean Richard Kouassi,Trop trop trop trop trop nul 😫😫😫😫😫😫😫😫,1,2023-06-28 15:16:22
emmanuel ouattara (“alexander mahone”),ça ne passe pas on me demande télécharger la nouvelle mise à jour alors que je viens de le télécharger,1,2023-06-27 16:57:45
Kinan Coulibaly,"Non mais attendez, après avoir téléchargé l'apply elle nous met un message de mise à jour, cependant aucune n'est trouvée, quand vous voulez percer dans le réseau, fait le bien!!",1,2023-06-27 14:45:05
Dro Felicien,"Je n'arrive pas à utiliser l'application, après installation, il met demandé de mettre l'application à jour alors que je viens tour juste de le télécharger. Et quand je fais la mise à jour sur le Google Play sa ne passe pas",1,2023-06-24 20:03:19
Ismael O',Un. Vrais désastre ! Ne mérite même pas une 🔯,1,2023-06-24 01:35:30
Kouakou Charles,"Une fois installée l'application n'arrive pas à s'exécuter. Un message s'affiche après avoir tourné sans suite. Le message d'erreur et le suivant: ""impossible de se connecter au serveur"" et pourtant cette application fonctionnait correctement au paravant. L'application MoMo continue quant à elle de bien fonctionner. Que dois faire ?",1,2023-06-23 13:37:44
STEVEN VUNABANDI,Please help me reinstall mtn app,5,2023-06-23 13:34:18
Louis Kouassi,MTN voleur,1,2023-06-22 13:48:29
Hélène GBODAMAKOU,Super,5,2023-06-21 14:51:42
ALHADJI ABOUBAKAR,Bonjour ou bonsoir je vous remercie,5,2023-06-19 15:35:22
Daoud Moussa,😂🤣🤣😂😂🥰,5,2023-06-18 19:49:51
Ohouo Gualbert Kanon,"Ça ne marche pas. Dès l'installation, on me demande une mise à jour qui ne peut être téléchargée !...",1,2023-06-14 10:53:30
Perside Nguessan,Nul,1,2023-06-14 00:53:22
Salomon danh,"Nul pack YouTube ne passe plus connexion nuit est devenus très très chers, vous pensez a quoi même je comprends pourquoi beaucoup laisse ce réseau au détriment de moov. Moov est mieux sérieux puff j'ai beaucoup aimé mtn mais c'est devenu nul",1,2023-06-12 15:39:32
Boniface Noukotom,C'est fiable avec m'y mtn,4,2023-06-12 12:56:07
Ali Diaby,Revoyez votre application. Elle ne marche plus.,1,2023-06-09 17:42:07
Giresse Zobo bidzanga,Franchement je sais pas pourquoi vous payez des individus pour mettre sur pied des applications et vous vous foutez des de nous retirer cette application de Google play elle ne sert a rien depuis un moment même 1 étoiles elle mérite pas,1,2023-06-09 13:41:55
Kassi Noel KOFFI,l'App la plus nulle du monde 🤣🤣🤣🤣,1,2023-06-08 22:55:00
Thierry Mathurin,IS good,5,2023-06-07 22:13:31
MACHING BENJAMIN,Cette application est super pour le VANDEUR de puces !!!!,3,2023-06-07 19:54:41
Djuikem Lopez,Trop fantastique,5,2023-06-07 07:54:06
Jonas Zounnon,Boùuuuuuuuuu,1,2023-06-06 01:03:45
Arnaud Jean-Charles Antoine TANOE,Extraordinairement nul!,1,2023-06-03 12:24:54
Habib dieudonne Habib,J'ai téléchargé je lance et depuis rien Je supprime c'est mieux,1,2023-05-30 19:52:38
Aimso La legende,Cool,5,2023-05-30 02:58:19
Alaino Versace,Le gros cue,5,2023-05-29 11:52:07
Arsene NKURU,Yes apk,5,2023-05-28 11:51:36
Yaya Salomon Traoré,Très bonne application,5,2023-05-27 00:22:38
Benoit Kangah Kouadio,Application inutile,1,2023-05-26 14:06:28
tchimou desire,"Faut pas qu'on va se mentir, l'app ne marche pas mes frere",5,2023-05-25 20:26:14
Sedina oumar Oumar,Très très efficace,5,2023-05-24 17:06:54
LESLIE ADIKO,Après avoir téléchargé l'application on nous demande de télécharger la nouvelle version mais là c'est impossible. Trop nul,1,2023-05-22 17:44:03
Francis Depri,Application non fonctionnelle,1,2023-05-19 17:15:15
Ben Chico,"L'application ne fonctionne pas. Il nous est constamment invité à télécharger une version dite à jour, alors que celle ci n'est pas accessible... Veuillez revoir cela svp !",2,2023-05-19 07:44:49
Abd Aboubakar,Meilleures,5,2023-05-17 09:53:38
Mian Maxime TANO,Nul. MTN doit revoir.,1,2023-05-16 21:47:20
Philomene Winsi,Waouh,3,2023-05-11 00:52:03
Désirée Esther Gbongué,L'application ne fonctionne pas,1,2023-05-09 17:30:10
Hima Ibrahima,Ce l'aide,1,2023-05-09 13:44:56
Baino Terketl,Efficace cette application,5,2023-05-07 17:09:52
Henri ASSI-ADOU,Cette application ne fonctionne pas du tout. Après installation dès le lancement on me propose une nouvelle version. Dès que je clique sur l'option pour télécharger la dite version J'ai une erreur . Donc l'application n'a jamais fonctionné. J'ai un SAMSUNG GALAXY S22. Prenez donc la version nigériane qui marche et adaptez la si vous ne pouvez pas développer une application qui fonctionne.,1,2023-05-04 21:33:11
Junior Ada,👌👍👍,5,2023-05-01 16:54:11
Keur Dalain,Cette application ne fonctionne pas car on ne réussi même pas à l'utiliser. S'il yavait zero etoile c'est ces que je comptais mettre.,1,2023-05-01 15:40:14
Thomas Hervé Va,"Une fois l'application téléchargée et installée, on est invité à télécharger qui autre version et lorsqu'on clique sur le bouton télécharger, on est renvoyé vers le Play Store avec une erreur. C'est de l'amateurisme.",1,2023-04-28 20:01:44
Ousmanou André (Pasteur),Mais sa ne marche plus bien avant,3,2023-04-28 12:14:36
Vincent Deffo,Bon application,5,2023-04-27 22:28:25
Rayan Nogue,Vraiment je ne veux plus utiliser cette appli j'aimerais que l'on rajoute une fonctionnalité pour supprimer son compte mymtn,1,2023-04-27 14:00:36
ange touakess,"C'est du n'importe quoi cette application. A peine je télécharge on me demande une mise à jour. Vraiment MTN vous ne valez rien de rien, triché un peu sur vos concurrents c'est mieux",1,2023-04-26 15:29:16
Caroline Mbiawoua,Très facile je ne suis plus obligé de retenir Les codes,5,2023-04-13 07:47:16
Urich Mouozié,"Vraiment splendide cet application, formidable mêmes.",5,2023-04-10 17:06:49
Kaïgama Zoon,Meill EF ur,5,2023-04-06 01:02:26
Alassane Traore,Traore Loseni,1,2023-04-05 23:48:15
Black First,Je ne peut pas installé l'application,1,2023-04-04 16:11:25
Tessie Gontran,Cool😊,5,2023-04-04 10:29:10
expedit PANGRE FC toglozin,Facultatif,5,2023-04-02 23:57:52
Ahmad Tidjani,Je sais pas qui a rédigé ces fatras de forfait !votre concurrent fait tjrs mieux,1,2023-03-29 16:59:14
Fabrice Damien Mbamba,"Impossible d'accéder à son compte MOMO, peut importe les que l'on configure correctement les données sur données mobiles.",1,2023-03-29 05:23:47
Nimbe Konate,Bonne application,5,2023-03-26 12:50:30
Joséphine Ngoko,moins efficace à cause du manque de connexion,2,2023-03-24 23:09:57
Patrick Ekemba,Best App,3,2023-03-23 22:44:34
Sanda Oumarou,Net,5,2023-03-21 14:02:47
Nathalie Agossou,Cool trop bien,5,2023-03-21 12:59:03
Aimé durand E.N.D,Hyper cool !,5,2023-03-18 16:58:22
Juge Morgane,Pas mal c'est très une bonne application les très compliqué pour utiliser j'aimerais que ça soit moins dur nous tous,5,2023-03-12 20:14:33
Jennifer makou,J'adore vraiment cette application !! Vraiment il n'y a rien à reprocher surtout avec de supers bonus,5,2023-02-26 16:46:06
265 TOGBE,Cette explication est très simple pour opérer des opérations,5,2023-02-26 14:40:14
Koutch Adnas,Adnas January and February and February and March in Washington and February and February is okay with it and it was the first time you an email to your sister in Christ Jesus name amen I am so sorry for not getting my texts are coming to the meeting and I will send the money to get the money to the account and I don't have a car so sorry,5,2023-02-23 01:49:49
Gertrude Nadege Ngo Mbong,Je veux débloquer mon compte Momo pour ma fille elle doit accoucher il faut que j'achète médicaments,5,2023-02-18 14:09:41
Oumar Telly Bah,😄😁😁😄😚😁😄😄😁😄😄＼(^-^)／(*^^*)＼(^-^)／＼(^-^)／(*^^*)＼(^-^)／＼(^-^)／＼(^-^)／:-)(*^^*):-)(*^^*)＼(^-^)／(*^^*)(*^^*)＼(^-^)／＼(^-^)／＼(^-^)／＼(^-^)／(*^^*):-)(*^^*)(*^^*)＼(^-^)／(*^^*)＼(^-^)／(*^^*)(*^^*)＼(^-^)／＼(^-^)／＼(^-^)／＼(^-^)／(*^^*)(*^^*)❤️❤️😄😄(*^^*)(*^^*):-):-)(*^^*):-)(*^^*)(*^^*)😁😁😄😁😄😄❤️😄😁😁😄😁😄😁😄😄😁😄😄😁😁😄😁😄🙏😁😄😁😁😄😁❤️❤️😄😄😁😄😁😁😄😁😄😄❤️😄😄😁😁,2,2023-02-16 18:41:47
Ola Justin,Bonjour Madame merci beaucoup pour votre réponse rapide,5,2023-02-16 16:48:51
Adamou Alim,Bon le début,4,2023-02-12 21:13:08
Defozeu Tchatchet,It's a good application but every body knows that the are advantages and disadvantages,4,2023-02-11 16:19:36
Adam Saidou,Mauvais application 🤮🤮🤮,1,2023-02-06 20:53:14
Djibril Yessoufou,J'adore,5,2023-02-06 16:48:34
By Blanche,Cool😘♥️💞,5,2023-02-04 03:16:35
Orel Bronze,"Si seulement on pouvait recevoir tous nos messages à travers cette appli, ça serait super pour ceux qui sont en déplacement dans un autre pays",3,2023-01-29 09:34:04
Laurence Nofiele,Pratique !,5,2023-01-27 16:29:34
Welcome Mavoungou,"Trop nulle. J'entre mon pays puis mon numéro de téléphone et on me sort que ce n'est pas un numéro MTN de mon pays. Pff, j'ai désinstallé !",1,2023-01-27 12:14:40
Darios Tchoffo,j'adore,5,2023-01-19 19:55:00
Kassoum Sidibe,J'adore cette application,5,2023-01-18 23:05:07
Garga ibrahim Ahmadou,Bcp a faire,3,2023-01-12 22:53:04
Augustin Essag,Male,1,2023-01-07 13:44:46
Ismail Sinare,Très bon,2,2023-01-05 03:38:41
Kikoum Marie,Sa ne donne plus de data,1,2023-01-02 12:58:46
Lauretta Mengue,Inutilisable,1,2022-12-29 04:35:53
Aboubacar Sidik Diomandé (“Aboubacar Sidik”),Du n'importe quoi je n'arrive pas à souscrire un pass,2,2022-12-07 03:43:19
Mahama Boukar,J'ai confiance,3,2022-12-06 14:05:24
Eveline Asifiwe,Courage avec cette application,5,2022-12-02 19:10:29
Gbèmènou Adantotode,Trop de complications .,1,2022-12-01 01:26:07
Sophia Otchere,Supeur,4,2022-11-21 19:28:56
marcelin tossou,C'est du zombi 0/20,1,2022-11-21 14:02:12
marchal dohouin,Merci beaucoup de tout ce que vous avez effectué,4,2022-11-20 21:15:42
Claude Evina,J'aime cette application,5,2022-11-16 21:05:48
Moïse MUNTAPBEME,Cette application ne fonctionne plus depuis presque 3 mois,1,2022-11-15 16:25:36
Syl20 Oyie,"Impossible d'utiliser cette appli, 9 fois sur 10 on detecte un p***** de wifi pourtant je suis sur les données mobiles 🙄🙄",2,2022-11-09 01:53:31
ben Adam Bouba,De chocolat application,5,2022-11-07 00:26:37
ILARIE DJILO,Je n'arrive pas à télécharger cette application,1,2022-11-02 00:39:34
Mht Zaid,Ok j'aime les applications my MTN,5,2022-11-02 00:20:42
Un utilisateur de Google,Personnellement je préfère l'ancienne version,3,2022-10-28 10:57:21
Gaétan Hounsou,L'application est très bon et facile à utiliser.,5,2022-10-20 12:35:10
Naderge Tazanfouo Lili,Il n'y a que les MO qu'on donne au début qui sont bien à part ça plus rien 😭,1,2022-10-17 22:26:28
Sylvie Mpesse,Pas très bien pas très mauvais,3,2022-10-16 21:47:04
Eric Bebeto,Jacques le roie,5,2022-10-16 12:48:07
Andre Wouapi,Partout ou je vais je suis avec MTN,5,2022-10-13 10:17:37
Jonathan Gounou,Très pratique,5,2022-10-10 23:34:47
Heureux mendel Youyou,je ne vois pas où envoyer et recevoir des mb,2,2022-10-07 12:26:51
Lionel Miller,Ces vraiment formidable cette app,5,2022-10-04 17:23:36
Kinabary alfred Toure,L'app ne fonctionne qu'avec connexion internet or c'est par on est sensé passer pour souscrire et sans connexion sa marche pas alors comment souscrire si sa marche pas sans connexion ? Il faut dans ce cas souscrire manuellement et si je souscrire manuellement alors où est son utilité ???? Donc l'app est vraiment desservant,1,2022-10-02 22:58:17
Fidele Mfalme,Meilleur application,5,2022-10-02 13:03:51
Douglas Fogang,"C'est deux étoiles c'est juste pour ces 1giga,mais le reste pour moi c'est incompétent",2,2022-09-24 20:57:37
Carlosnelby Tchinda mouafo,Pas si mal,3,2022-09-23 20:09:13
Karti Ngolle,"C'est très bien pour aider, mais au contraire c'est difficile a utiliser",1,2022-09-20 12:28:46
Methode Nanhokon,Nul ces derniers temps. Quelqu'un arrive t'il encore a transferer de l'argent via cette application?,1,2022-09-19 17:53:15
BIGFLEX screen,Pourquoi mobile money redirige vers une autre application ?,1,2022-09-19 17:46:37
Maxime Agbo,"C'est une très bonne application que MTN a mis à notre disposition pour nous faciliter la tâche.MTN , l'évolution sera pour vous et je serai fier d'être un agent MTN .merci",5,2022-09-19 10:32:37
Jacques Amougou,C'est cool,3,2022-09-19 10:29:30
Tobie Manga,L'application envoie un code je le saisie puis elle me dit qu'il est incorrect,1,2022-09-19 05:24:43
Kalina D.F Gorsou,Excellent appli,3,2022-09-07 00:06:20
fohla mouftaou,"Application qui ne sert quasiment à rien. MTN c'est cher, les Mo coulent hors de votre téléphone comme une jarre percée, bref service qui se veut pro mais il y a encore beaucoup de chemin",1,2022-09-06 09:15:53
Amadou Keita,J'aime cette application my MTN,5,2022-08-31 05:59:25
Hissein Cheikh,👌,5,2022-08-24 11:15:08
herve etoung,"Copier ce que vos concurrents on eu a faire: empreinte digitale, id du correspondant , prise en main simple",1,2022-08-21 01:07:13
Cedric Tom,"Je compléterai les 4 autres uniquement que lorsque l'application sera de nouveau utilisable, c'est du n'importe quoi cette application depuis la mise à jour ont me rédige vers une page inaccessible.",1,2022-08-20 02:33:29
Freed Tiyo,Très bien,5,2022-08-18 23:33:31
Anne Emilie Karidja,C'est pas une bonne application vraiment que mtn trouve une solution à se problème,1,2022-08-18 19:34:55
Raoul le grand,Une arnaque. Tu l'installes et on te demande en même temps une mise à jour qui ne passe jamais. Attention ❌❌❌❌❌❌❌❌,1,2022-08-17 21:26:37
Raymond Dj,C'est nul car la nouvelle version ne marche pas😶,1,2022-08-16 16:01:11
l'homme gams,0 étoile si possible mais sait le problème une mise en jour et rien ne passe dans l'app encore trop nul,1,2022-08-14 13:28:07
Doudou Jean Yves Rodrigue,C'est quelle application a chaque fois ont dois ce faire authentifier. Même les applications de banque c'est pas comme ça.,1,2022-08-13 11:25:29
Karamô Cissé,Cet application est formidable,5,2022-08-12 18:08:41
Francy Blaise Kifala,Passable,5,2022-08-11 20:09:14
Miguel nane,trop cool . 5 étoiles,5,2022-08-11 19:25:59
Esdras Dago,L'accès est impossible après la demande de mise à jour,1,2022-08-11 04:15:25
Paulin Tchuisseu,Trop cool mais on ne peut pas se connecter à un autre compte,5,2022-08-07 10:38:51
Faustin Guida,Je suis content et je me suis intéressé à me inscrit,5,2022-08-06 15:11:13
MASSESSE STRIKER,Comment pouvez-vous avoir une même application en plusieurs tailles et plusieurs versions ? Soyez sérieux décidez-vous choisissez une (qui fonctionne bien) et supprimer les autres,1,2022-08-04 10:55:27
Alex,"Ça demande une mise à jour, tu cliques dessus... Rien ! Nul tout simplement Trichez ORANGE et MOI",1,2022-08-04 08:32:34
Florent Montcho,Le premier,3,2022-08-03 13:10:09
Aliou Diallo,Mais ça ne fonctionne plus 😭,5,2022-07-22 20:11:31
Blondine Layb,C'est la magie,5,2022-07-18 15:59:09
Dorel Ibara,J'aime l'application,2,2022-07-17 14:29:19
Youssoufa Hasan,You,5,2022-07-16 16:13:07
Tanyo Serhe,R.A.S,5,2022-07-13 15:11:10
Djimmy Beyene,Moi personnellement c'est le njoh que je yamo alors prenez pour vous,4,2022-07-12 23:31:19
Toutoukpo Thomas Rodrigue Loba,Depuis mtn m'envoie des messages d'installer MyMtn et que le lendemain j'aurai des 5giga mais zéro à la base. Vraiment je suis déçu 😥. Nul comme application. Copié sur votre voisin Orange,1,2022-07-12 00:15:57
Hamidou aboina,Tres bon application,5,2022-07-06 17:00:55
patrik jonshone,"Cette application,je comprends plus après la mise ajout j'ai plus l'accès pour rentré dans l'application pourquoi MTN vraiment veuillez ramener ça comme il était et sa serait mieux",1,2022-07-05 17:51:35
donald kevin kamdem kamgaing,Formidable,4,2022-07-02 03:09:19
Wylfreid Mambeau,Honte aux développeurs de cette application,1,2022-06-22 03:49:52
Bilkissou Houmma,Merci MTN Cameroun,5,2022-06-16 18:30:00
Aristide Wahile,L applique et très top,5,2022-06-14 22:15:23
Ronelie Noti,Trop coul,5,2022-06-14 18:35:11
Paul Bogning,⁹ñĺlļklķ,4,2022-06-05 13:04:48
Zalle ilassa,Azze,5,2022-06-03 13:32:42
Clement Ajuwamungu,"Oui, c'est l'une des importantes applications car elle facilite certaines activités, elle est comme un racourcis.",2,2022-05-31 20:15:23
BAbba Siddi,Bonjour je suis en ligne sur notre site Internet,5,2022-05-27 08:18:32
John Calvin,"Zero (0) étoile... ne surtout pas installer cette version, c'est un piège. Beaucoup de transactions ne fonctionnent plus. Du coup, vous devrez changer de téléphone pour activer plusieurs codes et pires... personnes ne pourra rien pour vous",1,2022-05-25 20:34:19
Ayodele Ruth TCHABY,"C'est plutôt pas mal, ça facilite la tâche Mais j'ai un souci. Est-ce nécessairement un seul numéro qui sera connecté à l'application. J'ai deux numéros et je veux faire des transactions sur les deux. Voilà que l'application est unique",4,2022-05-25 18:37:31
Brice Nganana,pas mal,3,2022-05-21 22:48:58
Emmanuel fils Ranava,C'est bien mais ça doit être un nouveau message,1,2022-05-16 18:53:58
Aime Tchouamo,Pourquoi n'est-il plus possible d'acheter les forfaits à partir de cette application? Notamment les forfaits mtn wanda.,1,2022-05-13 12:20:33
Ignace Blaise Zebaze,"Super,merci pour l'application.",5,2022-05-07 08:41:11
Nathan Abah,"Mega octec mal represente , utilisation difficile",2,2022-05-05 20:57:18
Catherina Mbou,J'aime l'application vraiment,5,2022-05-04 08:57:16
Emile Aïbaba,Je veux le numero surquel j'ai transfere d'argent aujourdhui,1,2022-04-27 22:31:47
abdourahamane nabe,La connexion est trop lente,3,2022-04-27 18:29:37
Hasana Youssoufa,Merci de itilize,5,2022-04-26 09:40:22
Bb Dior,Le manque de méga empeche le fonctionnement,4,2022-04-24 08:46:29
laures othniel,Trop cool,5,2022-04-22 14:26:11
Adiza Bandjeroum Karim,Trete,5,2022-04-17 22:57:52
declaire mepouta,💪👌👌👌👌👌👌👌👌👌👌,5,2022-04-12 19:00:33
Jordan Choundja,C'est top,4,2022-04-10 03:13:52
Ripmeur Pepe,Trop top cette application,5,2022-04-09 22:25:51
Youri DONKPEGAN,Application déjà désinstallé. Ce n'est pas la peine même,1,2022-04-07 20:35:36
Jean Noël Akou,Supa,5,2022-04-07 20:16:23
GALDEX TEYON,Les services MTN offerts sont trop super,5,2022-04-06 15:05:46
Vertos Jefelly,"Bonsoir à l'équipe technique MTN , j'ai une suggestion. Pourquoi ne pas réunir "" My MTN ""et "" MTN MoMo "" en une seule application ? , C'est plus pratique et ça prendrait moin de place dans le téléphone , non ?",4,2022-04-05 18:56:06
Majães Abana,J'ai réinstallé ça juste pour mettre une étoile et redesinstaller. S'il y avait possibilité de mettre des étoiles négatives j'aurai mis -400 étoiles.,1,2022-03-31 18:01:50
Ali Touré,cette application est bon,4,2022-03-28 08:07:48
Yvel,Je suis kiss. yvel je m'en posé sur là yoba,5,2022-03-26 22:39:40
Ibrahim Mogazou Maiga,Pour moi mon compte my mtn n'est pas prendre,1,2022-03-24 20:41:17
TCHOUE BING'NY,La réaction de MTN est immédiate face à nos réclamations. Je suis satisfait,5,2022-03-23 23:53:18
Soh Steve,Très belle application,5,2022-03-23 18:32:18
Adrian Elkapo,Puuuff 😒😒je m'en vais à orange mtn ne vaut pas la peine 🚶🚶,1,2022-03-23 16:16:56
Smoke BOMAYE,J'aime vraiment,3,2022-03-18 18:25:25
Martin Lowoson Perez,Vous nous décevez avec vos bugs de réseau.,1,2022-03-17 22:55:45
direy adam,Hum bien,5,2022-03-16 20:40:39
Dhebba Moise,Use this app,5,2022-03-16 20:09:58
ghislain houenon,Je le désinstalle en même temps. Très nul,1,2022-03-12 23:57:04
BAHATI ONDOGA,Nice app when you're using to do your best,5,2022-03-11 19:35:24
Pulcherie Etoundi,A découvrir,5,2022-03-08 10:30:00
Cléopas K.,"Impossible de me connecter pour faire mes transactions Momo normalement. Redirigé sur MTN Momo, tout aussi Nul. *Décommande l'appli",1,2022-03-08 07:22:04
Ezekiel Lodza,This app well when you are using And is that am using,5,2022-03-07 18:56:03
Carolle Dehundo,J'ai aimé,1,2022-03-06 17:23:04
jeanclaude abounaewodo,Ils faut améliorer votre application ??,1,2022-03-06 13:12:09
Nestor Kameni,C.w,3,2022-03-05 15:30:19
Roukaiyatou Dadda,L'application est très bien,5,2022-03-02 18:35:41
Etienne Mambo,Thank you for this app,1,2022-03-02 18:00:23
Josam Katabuka,Very good app,1,2022-03-02 07:10:02
Ismael Sato,"La partie Momo ne marche plus, c'est nul.",1,2022-03-01 12:21:10
mohamed SOUBEROU,"Depuis que je viens de faire la mise à jour mon compte momo ne s'ouvre plus, c'est ma sérieux",1,2022-02-28 22:16:45
koyine ka,"C'est une honte pour MTN, la quasi-totalité des APPLIS & SERVICES MTN ne fonctionne plus, si vous ne pouvez plus vous adaptés alors vendez l'entreprise à des gens qui ont la capacité de fournir a ces clients des services qui fonctionne",1,2022-02-28 21:01:58
Jean-Baptiste GBEDO,C'est déplorable. Désormais il faudra passer par une autre application pour gérer son momo et impossible si tu n'es pas connecté à un réseau MTN. Innovation à reculons,1,2022-02-27 22:01:33
Joel steve Etoma,Mediocre,1,2022-02-23 19:03:27
Hen ri,L'application était bonne mais là depuis 1 mois ça ne marche plus,1,2022-02-23 15:46:40
NTCHOING EMMANUEL,"J'ai aimé c'est une bonne application formidable, qui résout nos difficultés et plus rapidement.",5,2022-02-23 09:07:57
Alex Gildas SOSSOU,Depuis un moment quand je veux faire une opération ça me demande de télécharger une autre application. Corrigé celà svp. Sinon très bonne application,3,2022-02-22 15:57:18
Norbert Ayayi,L'application est au top. Si nous pouvons avoir plus sur nos relevés,3,2022-02-21 08:11:06
Luc Leon,Gaspillage de forfait lapplication est vraiment nul,1,2022-02-20 17:21:13
Eric Kandji,Difficile de se connecter c'est de la desolation,3,2022-02-20 16:55:23
Gnon Seko Daran,Il faut forcément un forfait internet sur MTN pour pouvoir accéder à mobile money c'est très très très nul,1,2022-02-20 14:58:42
dudden poirot,Votre application ne fonctionne plus ni celle dont vous nous rédigez sur après avoir allé sur playstore,1,2022-02-20 14:11:11
Penn brandon Mbuh,Un bon moyen bien excellent,2,2022-02-19 21:02:35
EL - BERACA,J'utilise l'application chaque et je suis satisfait mais depuis hier j'ai constaté que pour faire une opération dans mobile money elle me renvoie dans play store pour télécharger une autre application MTN Momo qui ne fonctionne pas. Cette mise à jour a dégradé l'application. Elle n'a plus sa valeur,1,2022-02-19 12:13:48
Vanic Tchoulla Lacmene,Toutes vos applications ne fonctionnent pas dans mon téléphone que ce soit myMtn ayoba ou MTN Momo,1,2022-02-17 03:32:24
Filon Morel,C'est le meilleur,5,2022-02-13 13:47:18
Messamba Kone,ça bloque sur mon téléphone,1,2022-02-12 10:34:57
wizson official,J'aime trop cet appli,5,2022-02-11 19:33:28
Chan Toumi,Très pratique et surtout les 1 giga qu'on donne lorsque tu te connectes,4,2022-02-10 11:33:48
Moriel Deussom,Super cette app je vous conseille ça🤗🤗,5,2022-02-09 16:43:34
Fred Fogue,Genial,3,2022-02-07 20:58:16
Timothée Rhim,Vraiment chouette,5,2022-02-03 15:34:49
Paul Felix Essama Ayissi,J'arrive pas à avoir accès à mon compte,1,2022-02-03 08:41:19
Lucien Akodinsi,"Appk nul, je n'arrive même à m'inscrire. L'authentication ne marche jamais. C'est toujours échec, jusqu'à ce j'ai fais la mise à jour et les mêmes scènes se répètent",1,2022-01-29 12:00:35
Cheou Alao,Bonne application. J'adore sa simplicité,5,2022-01-28 10:20:55
Dylane Zekeng,"L'application est assez top, mais ne peut être utilisée que si on possède un forfait internet ce qui n'est pas cool vu que ces services sont supposés être gratuits. Chez le concurrent il suffit juste d'activer les données mobile pour y avoir accès pas besoin de forfait internet. Merci de revoir cela encore please 🙏",3,2022-01-27 13:08:10
Fiacre BOSSA,Très urgente application,5,2022-01-24 21:57:53
Donald Laurier Ngandjui,Plutot cool,5,2022-01-21 12:49:19
Moubarak Abimbola,Juste pour espérer un bon service,4,2022-01-21 02:12:15
Lys Kouetcha,J'arrive pas à ouvrir l'appli soit disant qu'il faut télécharger une autre qui n'existe mm pas. L'arnaque 🤦🏽‍♀️ s'il y avait un moyen de mettre aucune étoile je l'aurais fais,1,2022-01-18 14:30:06
Jean Molé,Bon marché,4,2022-01-18 09:35:41
Liliane SM,Avant j'utilisais bien cet appli. Aujourd'hui quand j'installe on me dit qu'une version à jour de l'appli est disponible et lorsque je souhaite faire la mise à jour. Impossible car la nouvelle version est pas disponible. Sans compter que l'appli sur mon téléphone ne s'affiche plus correctement.,1,2022-01-17 23:37:09
abdelazizou mamam,Satisfait,5,2022-01-17 20:14:54
Ulrich Kevin Nkoue,Ces passable,5,2022-01-15 19:26:18
Franc Enselme Ngueda,je la trouve exceptionnel à mon avis.,4,2022-01-15 13:45:08
Mirabeau OUAFO,Très fluide cette nouvelle version et surtout fonctionne même sans méga pour les transactions🤩👌,4,2022-01-15 10:46:30
Emmanuel franck Atangana,Vraiment satisfaction total! J'apprécie l'innovation MTN. Merci avançons toujours pour un rendement plus fiable. Merci mille fois pour tous.,5,2022-01-15 00:02:58
Colombe GNONLONFOUN,"Bonsoir MTN J'ai passé une commande d'un routeur depuis ce midi et je n'ai toujours pas encore reçu le routeur. Les frais liées à cette commande m'ont pourtant été prélevées. Je n'ai pas non été contacté sur les raisons de cette non livraison et le délai d'attente supplémentaires. Ceci est, vous le conviendrez avec moi, faire preuve de manque de professionnalisme J'espère être livrée à temps demain . Merci",1,2022-01-11 20:48:54
Franky ndongo,C'est une application de guerrier c'est la magie,4,2022-01-10 21:29:05
MBA BA,Pourri je vous déconseille,1,2022-01-10 20:18:25
Junior M. Affouda (Le TIGRE),Très génial et utile,5,2022-01-08 19:02:12
Yann Daniel Kapson,Fantastique,5,2022-01-08 15:46:53
Vital Degnide,"Pratique l'application, nous louons vos efforts. Mais elle reste à améliorer. Par exemple il n'est pas possible de balancer d'un numéro à un autre pour ceux qui ont un portable double sim (2 sim MTN). Prière revoir comment permette de balancer entre sim. Merci.",3,2022-01-07 10:35:42
Romaric fotso,Cool cette app,5,2022-01-06 13:30:47
Kossin setodjo sodjinin Akam N'dedji,J'apprécie l'application my MTN,5,2022-01-05 00:52:15
NEW FULL MOVIE,Très simple à utiliser,5,2022-01-03 12:56:20
Grégoire KOFFI,C'est bon,3,2021-12-30 15:12:35
Baron Ngah,Bien cette application et en plus on a 1Go apres création du compte,5,2021-12-30 00:37:07
Betty Garand,Je t'aime j'aime l'application,4,2021-12-29 12:26:07
Mengue Armel,Votre truc ne marche pas ca ne s'ouvre pas c'est du faux,1,2021-12-27 12:04:29
DESIGN METALLIQUE CONSTRUCTION,Cette application ne fonctionne jamais,1,2021-12-27 11:58:37
Julo's Vie longue,C'EST une application Utile,3,2021-12-26 01:07:46
Moubarak MAMA GAOU,Très bon et facilite la transaction,3,2021-12-25 19:29:30
Christophe kokou Avodagbe,"Le plus ,mieux et rapide service",5,2021-12-24 19:30:20
a brice j bahoungbotche,"Très pratique, sécurisée et sans frais !",5,2021-12-23 23:30:22
Ben Ali,My mtn hum ce la vie,5,2021-12-23 23:12:25
Dieudonné Mwesswa,It wonderful,5,2021-12-18 19:26:48
Danielle Nga,Très bèlle app Et merci,5,2021-12-17 23:37:03
Mama Hadja,J'aime bien quand tu veux ou tu veux ce fasil est pratiqu,2,2021-12-16 22:29:44
Lucien Pedro,"Satisfait, merci beaucoup",5,2021-12-15 12:09:47
agema benin,Superbe application,5,2021-12-15 11:36:56
evaris dongmo,Merci mtn,5,2021-12-13 16:00:37
Marc Ali,Facile à utiliser,4,2021-12-10 19:39:13
Rafiath Mohammed,Parfaite,5,2021-12-09 23:06:08
Bello Sanda,Merci my mtn,5,2021-12-06 15:04:08
Ovah Golden,C'EST bête ca ne donne pas mais je m'ai 5 étoiles,5,2021-12-06 11:28:18
Pinel Bilich AKAKPO,Très bonne,5,2021-12-03 11:23:37
Abdoulaziz Az,AZ le pro,4,2021-12-03 07:04:58
BENOIT OLIVIER AGBATO,Salut.. Gratuite vous dites sans connexion internet? Renvoyez bien les paramètres de votre version lite,1,2021-12-01 22:26:21
Lefa Fall,Je confirme deja,5,2021-12-01 20:20:17
Mounirou Mouhamed,Très bon application,5,2021-11-24 20:53:08
Raïhanath Timité,Pfff très nulle,1,2021-11-24 08:51:20
Djone Sylla,C'EST un bon apk,5,2021-11-24 00:16:13
Yarou DAFIA,Mise à jour,5,2021-11-23 21:46:12
Pepe Lerenard,Mas mal,5,2021-11-23 21:04:52
Ben Zacky,Vous me faites un sms comme quoi j'ais reçu 1go alors que c'est faux!,2,2021-11-22 20:27:38
2D Elle criminel,Je suis très content,5,2021-11-22 19:44:59
Bekwike Nixon Esandua,aucune innovation ! On ne peut faire aucune transaction financière avec cette application. Elle manque beaucoup de choses MTN. Difficile de consulter mon compte Momo. vos plan tarifaire sont limités... vraiment 🤦🤦,1,2021-11-18 23:24:51
Prince Sanoussi,"Actuellement je pense que c'est une très bonne application, facile pour le transfert d'argent",5,2021-11-18 20:33:02
Lâms Nôchë,L'appli est Simple et efficace 😊,5,2021-11-18 14:12:21
Kaskile Scoty,Une bonne application,5,2021-11-18 13:17:35
Neslandsage Oyandza,Difficile à télecharger,1,2021-11-15 09:12:18
new video,La dernière mise a jour ne me plaît pas (3.0.3) parceque je ne peux pas supprimer les données utilisateur,1,2021-11-14 19:17:24
ménélas abidjo,"L'application est un bon début et reste perfectible. Le relevé de transaction pourrait être disponible sur la période que l'on souhaite et doit pouvoir être téléchargé au format pdf. Mais au lieu de ça, on voit juste des opérations de débit et de crédit entre des numéros (les identités ne s'affichent pas), de plus les relevés ne retracent pas les transactions à l'international.",3,2021-11-12 22:48:03
Welcom orden derby kitoko,Tres cool,4,2021-11-12 22:30:40
Kouakou mickael n'goran,"Enfaite j'ai une puce mtn mais le code puk es bloqué ,j'ai besoin de votre aide",4,2021-11-12 21:45:55
Rodrigue De-fangbedji,Mazuoruo,1,2021-11-12 21:17:38
Gae tan,🤢🤮 ces deux emojy illustre bien mon expérience avec cette application le truc qui est bien c'est le bouton désinstaller,1,2021-11-10 11:49:47
Tchouala Junior,Très belle application avec ça on n'a plus besoin de taper les codes,5,2021-11-09 21:37:27
Kanish Ouadika,Kanish Le Soldat Têtu Øfficiel,5,2021-11-08 21:42:08
Abass Bachir,MyMtn est cool avec ses avantages. Essayez et vous verrez,5,2021-11-08 16:58:26
Kid Goku2,Bonne mise a jour simple et facile d'utilisation Pensez a inclure un theme sombre la prochaine fois,5,2021-11-08 10:18:28
Lansana Fassou Haba,Trop nulle depuis la mise à jour...à ne pas installer...😡😡😡,1,2021-11-07 16:33:51
DIEUDONNE MATENDA,"Very nice, i love it so much",5,2021-11-06 19:22:14
Ayité Edoh Bienvenue Follyvi,L'amélioration n'est pas totalement faite Revérifiez le système.,3,2021-11-05 07:50:51
BOBBO Daniel Bertrand,"Cette mise à jour gâté TOUT. Plus rien ne marche, mieux vaut l'ancienne version, je désinstalle.",1,2021-11-04 19:46:22
Jijoho Dieudonné GOHOUN,"Une très belle application. Mais assez d'insuffisance pour des raisons ci-après : Quand nous consultons le mini relevé, tous les numéros ne s'affichent pas. Surtout les opérations entre abonné et marchand, les numéros ne s'affichent pas. Après paiement, le numéro du receveur ne s'affiche pas, Dépôt entre abonnés aussi",3,2021-10-29 16:28:55
M.H.D kaffah,"FC. Kaffah ont demandé de diminuer la facture de internet , est gratuit pour appeler vers la service.",5,2021-10-25 21:36:42
Bertrand Tento Dongkeu,Excellent,5,2021-10-24 21:22:34
JELF NGUIMDO KENFACK,Super👌,5,2021-10-24 11:35:05
Peres Pamefa,Très cool et pratique,5,2021-10-24 11:30:50
Jonas MEDIN,MTN est trop bon car il a facilité la tâche aux rangs à la banque,5,2021-10-22 12:51:38
Franck Clovis Marst KOFFI,Très novateur,5,2021-10-18 12:18:36
Moussa Koné,J'aime,5,2021-10-17 11:19:45
Aboubacar Soumah,Comment ouvrir le compte ? Parce que je n'arrive pas,2,2021-10-16 00:26:29
S. Belgas ADOHO,Très bonne application. Très pratique. Mais il n'y a pas tous les services Momo..,4,2021-10-14 17:44:43
Un utilisateur de Google,Pourquoi toujours être connecté pour l'utiliser ?????????,1,2021-10-14 16:51:02
Léa Ntone,Super j'ai la possibilité de souscrire à mes forfaits MTN et ça m'offre plus de bonus,5,2021-10-09 18:37:03
bembe diallo,"Cette application est nul, elle ne sert à rien. J'ai tenté plusieurs fois de me connecter, mais impossible.",1,2021-10-09 10:16:56
Patrick Tafokock,La connexion s'est améliorée,4,2021-10-08 13:42:00
Paul Detonde,"Vraiment cette application ma causée d'énormes problèmes : Une fois planifier la transaction d'argent, je n'ai plus la possibilité d'annuler et jusqu'aujourd'hui ca continue d'envoyer l'argent sans mon autorisation.",1,2021-10-07 18:30:02
guy tchami,Génial,5,2021-10-05 02:01:50
Adika Faïssolath AYINDE,C'est bon ...,3,2021-10-04 14:04:28
Nelson 237,salut très bonne idée mais quelques suggestions pour améliorer l'application. - Possibilité de vérifier son solde internet une fois dans l'application - Possibilité de vérifier les soldes du compte principal et autres comptes promo par exemple - Possibilité de souscrire à un forfait depuis l'application C'était avant la mise à jour. Je pense que c'est ok maintenant. Merci.,3,2021-10-04 07:12:04
Florence Awoula,C bien,5,2021-09-29 22:48:28
bismarck king,"Faible control de crédit internet, juste un aperçu du compte principal.👎 Mais facile a exécuté les procédures de transféré momo et de transfert et recharge de crédit et forfait.👍",2,2021-09-27 00:42:57
Hermine Epanda,"Il n'y a pas d'historique que ce soit pour les appels,les SMS, internet",1,2021-09-25 17:15:21
Biskomta Mayiba,très bon service client,5,2021-09-23 18:42:43
WM H,Ce software n'est pas à la hauteur des services fournis par MTN. Suivez l'exemple d'orange qui a fait une refonte complète de son application pour passer à un niveau supérieur pour l'utilisation de son application.,2,2021-09-23 11:34:47
Abdourahamane Ibrahim,Cool 👌,4,2021-09-22 01:11:20
Mounchadini Loukoumanou,Tres bonne app merci pour ca,5,2021-09-21 22:45:31
